Title,launched_at,titleyear,usd_pledged,MinAge,log_playtime,AvgWeight
Exploding Kittens,1421776819,Exploding Kittens (2015),8782571.99,7,2.70805020110221,1.07
Rising Sun,1488917055,Rising Sun (2018),4228060,13,4.787491742782046,3.25
Zombicide: Black Plague,1433789978,Zombicide: Black Plague (2015),4079204.52,10,5.19295685089021,2.6056
Conan,1421085308,Conan (2016),3327757,14,4.787491742782046,2.8594
Joking Hazard,1455037250,Joking Hazard (2016),3246588.55,18,4.499809670330265,1.1
Mythic Battles: Pantheon,1478026820,Mythic Battles: Pantheon (2017),2669009.65,14,4.499809670330265,2.9375
Scythe,1444746567,Scythe (2016),1810294.7,14,4.74493212836325,3.3108
Arcadia Quest: Inferno,1447704002,Arcadia Quest: Inferno (2017),1710713.62,13,4.787491742782046,2.3333
Ghostbusters: The Board Game,1423555183,Ghostbusters: The Board Game (2015),1546269.5,15,4.787491742782046,2.2059
Secret Hitler,1448308277,Secret Hitler (2016),1479046.95,13,3.8066624897703196,1.6825
The Others,1441911569,The Others (2016),1464489.52,14,4.499809670330265,2.9783
Deep Madness,1476460796,Deep Madness (2017),1438293.52,14,4.787491742782046,2
Cthulhu Wars,1370632490,Cthulhu Wars (2015),1403981.04,14,4.787491742782046,3.1111
The 7th Continent,1443553207,The 7th Continent (2017),1370334.1383899066,12,6.907755278982137,3.1667
Deadzone,1366979310,Deadzone (2013),1216482.9,12,4.0943445622221,2.8214
The World of SMOG: Rise of Moloch,1484683209,The World of SMOG: Rise of Moloch (2017),1174130.1,14,4.499809670330265,1.5
Super Dungeon Explore: Forgotten King,1395111631,Super Dungeon Explore: Forgotten King (2015),1151889.53,10,4.787491742782046,3.1026
Masmorra: Dungeons of Arcadia,1456171201,Masmorra: Dungeons of Arcadia (2017),1010958.81,13,3.8066624897703196,2.0714
Sedition Wars: Battle for Alabaster,1337946345,Sedition Wars: Battle for Alabaster (2013),951254.4,12,4.0943445622221,3
Myth,1364223587,Myth (2014),926112.11,12,4.787491742782046,3.8425
Rum & Bones: Second Tide,1460401261,Rum & Bones: Second Tide (2017),917864.02,14,4.31748811353631,2.875
Blood Rage,1425326418,Blood Rage (2015),905682,14,4.499809670330265,2.9016
This War of Mine: The Board Game,1462888879,This War of Mine: The Board Game (2017),896664.610349622,14,4.787491742782046,3
Teenage Mutant Ninja Turtles: Shadows of the Past,1454506097,Teenage Mutant Ninja Turtles: Shadows of the Past (2016),862211.52,14,4.499809670330265,2.7857
Zombicide,1333729431,Zombicide (2012),781597.49,13,5.19295685089021,2.5888
Arcadia Quest,1393362014,Arcadia Quest (2014),774222.04,13,4.0943445622221,2.5495
Rum & Bones,1417550494,Rum & Bones (2015),739513,14,4.0943445622221,2.2391
Evil Dead 2: The Official Board Game,1467863960,Evil Dead 2: The Official Board Game (2016),722622.52,14,4.499809670330265,2
The Walking Dead: All Out War,1454333794,The Walking Dead: All Out War (2016),685853,12,4.787491742782046,2.75
Thornwatch,1472842136,Thornwatch (2017),646371.01,8,5.19295685089021,3
Robot Turtles,1378220497,Robot Turtles (2013),631230.58,4,2.70805020110221,1.375
Tiny Epic Quest,1477655997,Tiny Epic Quest (2017),589816,14,4.0943445622221,2
B-Sieged: Sons of the Abyss,1430248142,B-Sieged: Sons of the Abyss (2016),567350,13,4.499809670330265,2.9444
Machine of Death: The Game of Creative Assassination,1360878911,Machine of Death: The Game of Creative Assassination (2013),556596.17,15,3.4011973816621555,1.5714
Hero Realms,1465824057,Hero Realms (2016),555661,12,3.4011973816621555,1.8889
Ninja All-Stars,1427137137,Ninja All-Stars (2015),531829.01,13,4.499809670330265,2.625
Sword & Sorcery,1444922269,Sword & Sorcery (2017),517622,12,4.499809670330265,3.6
Folklore: The Affliction,1444140598,Folklore: The Affliction (2017),503326,14,4.787491742782046,3
Lobotomy,1438448339,Lobotomy (2017),496968,14,5.19295685089021,3.1818
Outlive,1462809623,Outlive (2017),469156.9826066434,14,4.700480365792417,3
Tiny Epic Western,1452509990,Tiny Epic Western (2016),468629.14,14,3.8066624897703196,2.7846
Wizard School,1443546620,Wizard School (2016),461583.18,12,4.499809670330265,2.6
Sub Terra,1484035208,Sub Terra (2017),450417.264316151,10,4.499809670330265,2.3333
Anachrony,1462896043,Anachrony (2017),440461.5,15,4.787491742782046,3.7778
The Walking Dead: No Sanctuary,1468342827,The Walking Dead: No Sanctuary (2017),433644,15,4.787491742782046,3
Journey: Wrath of Demons,1381968027,Journey: Wrath of Demons (2015),425553,12,3.4011973816621555,3
Illimat,1475607463,Illimat (2017),418628,12,4.0943445622221,2
Mega Man: The Board Game,1386871115,Mega Man: The Board Game (2016),415041,13,5.19295685089021,1.6667
The Grimm Forest,1490104599,The Grimm Forest (2017),405145.04,8,4.0943445622221,2
Gloomhaven,1441209577,Gloomhaven (2017),386104,12,5.0106352940962555,3.7071
XenoShyft: Dreadmire,1452628823,XenoShyft: Dreadmire (2017),383406.5,14,4.0943445622221,2.4
Rise to Nobility,1491400851,Rise to Nobility (2017),370760,13,4.605170185988092,3
Story War,1361396623,Story War (2013),363254.29,8,3.4011973816621555,1.4
Endangered Orphans of Condyle Cove,1471877402,Endangered Orphans of Condyle Cove (2017),355970.82,13,3.6888794541139363,2
Plague Inc: The Board Game,1462888979,Plague Inc: The Board Game (2017),355784.25,12,4.31748811353631,2.0667
The City of Kings,1490713232,The City of Kings (2018),354988.5554906028,14,5.19295685089021,3
Xia: Legends of a Drift System,1368775038,Xia: Legends of a Drift System (2014),346772.24,12,5.19295685089021,3.1101
Posthuman,1427320363,Posthuman (2015),346071,13,4.787491742782046,3.2045
Middara,1432315106,Middara (2017),342936,13,4.0943445622221,3
Evolution: Climate,1454909075,Evolution: Climate (2016),337325,12,4.31748811353631,2.6744
Pairs,1392645621,Pairs (2014),332226.94,6,2.70805020110221,1.1548
Sentinel Tactics: The Flame of Freedom,1395759579,Sentinel Tactics: The Flame of Freedom (2014),327403.42,13,3.8066624897703196,2.5
Euphoria: Build a Better Dystopia,1368628166,Euphoria: Build a Better Dystopia (2013),309495.75,13,4.0943445622221,3.1077
Day Night Z,1484154119,Day Night Z (2017),309182.52602298,14,5.0106352940962555,3.8333
Carson City: Big Box,1434352221,Carson City: Big Box (2015),291503.68066386,12,5.19295685089021,3.1892
5-Minute Dungeon,1478012409,5-Minute Dungeon (2017),289542.237847825,8,3.4011973816621555,1.1
Tiny Epic Kingdoms,1389288651,Tiny Epic Kingdoms (2014),286972.36,13,3.8066624897703196,2.0708
Unfair,1471345607,Unfair (2017),284846,14,4.8283137373023015,2.6667
Lisboa,1479225234,Lisboa (2017),277597.5,12,4.787491742782046,3.8667
Sails of Glory,1362470087,Sails of Glory (2013),276745,13,3.8066624897703196,2.9
Shadows over Normandie,1404399917,Shadows over Normandie (2015),276427.1004194966,14,4.499809670330265,2.625
Empires of the Void II,1488211030,Empires of the Void II (2017),275400,13,5.19295685089021,3
The Agents,1373379013,The Agents (2013),275368.09,8,3.6888794541139363,2.369
Too Many Bones,1455645788,Too Many Bones (2017),270290,12,4.787491742782046,3.8571
Vinhos Deluxe Edition,1454047078,Vinhos Deluxe Edition (2016),268801.94,14,4.90527477843843,3.9423
Feudum,1478757601,Feudum (2017),263852.4,12,5.19295685089021,4
Project: ELITE,1430333568,Project: ELITE (2016),254157.01,12,3.4011973816621555,2.3158
Mutant Chronicles Warzone Resurrection,1360885414,Mutant Chronicles Warzone Resurrection (2013),253829.1506425248,10,4.787491742782046,3.3333
Orléans: Deluxe Edition,1421086881,Orléans: Deluxe Edition (2015),251468,12,4.499809670330265,3.1538
Millennium Blades,1429286425,Millennium Blades (2016),249789,12,4.787491742782046,3.6481
XenoShyft: Onslaught,1401914191,XenoShyft: Onslaught (2015),242832,13,4.0943445622221,2.7143
Nemo's War (second edition),1451415455,Nemo's War (second edition) (2017),239918,13,4.787491742782046,2.4
Pillars of Eternity: Lords of the Eastern Reach,1432832536,Pillars of Eternity: Lords of the Eastern Reach (2016),239178.53,13,4.787491742782046,2.2857
Vikings Gone Wild,1463673368,Vikings Gone Wild (2017),236949,10,4.499809670330265,2.2222
Burgle Bros.,1425594975,Burgle Bros. (2015),228526.92,12,4.499809670330265,2.2936
Arena Rex,1363323704,Arena Rex (2013),226542,12,3.4011973816621555,2
Heroes of Normandie,1362777260,Heroes of Normandie (2014),225748.08732828,14,4.0943445622221,2.7034
Battlestations: Second Edition,1454436283,Battlestations: Second Edition (2017),222572.52,12,5.480638923341991,3
Between Two Cities,1424878178,Between Two Cities (2015),221265.07,8,2.995732273553991,1.8036
Karmaka,1453214883,Karmaka (2016),220852.58,13,4.0943445622221,1.8889
Villages of Valeria,1454427981,Villages of Valeria (2016),214053,14,4.0943445622221,2.28
Explorers of the North Sea,1454490008,Explorers of the North Sea (2016),212159.357900088,12,4.0943445622221,2.0833
Fate of the Elder Gods,1468940411,Fate of the Elder Gods (2017),211447,13,4.499809670330265,3
Steampunk Rally,1414409856,Steampunk Rally (2015),211132.5323151,14,4.0943445622221,2.5035
Fireteam Zero,1416607277,Fireteam Zero (2015),207115,14,4.499809670330265,2.6429
King Down,1410357774,King Down (2015),205958.64,8,3.4011973816621555,2.6667
The Red Dragon Inn 5,1424181380,The Red Dragon Inn 5 (2015),202811,13,4.0943445622221,2.1111
Endure the Stars,1446915515,Endure the Stars (2017),198674.91294112,13,5.19295685089021,2.6
Dark Darker Darkest,1370961759,Dark Darker Darkest (2013),198232.71,12,4.787491742782046,3.2063
Serpent's Tongue,1333514682,Serpent's Tongue (2013),195101.65,12,3.4011973816621555,3.6552
Legendary Showdown: Machines and Magic,1424271738,Legendary Showdown: Machines and Magic (2015),194998.55,12,4.0943445622221,1
Aeon's End,1459860337,Aeon's End (2016),189714.7,14,4.0943445622221,2.825
A Study in Emerald,1366834347,A Study in Emerald (2013),189596.65999615,13,4.499809670330265,3.4338
Kharnage,1458846015,Kharnage (2016),189200.7734332872,7,3.4011973816621555,1.5714
Vengeance,1473182469,Vengeance (2017),182275,14,4.787491742782046,2
Spaceteam,1442988045,Spaceteam (2015),181625,10,1.6094379124341003,1.0769
Galaxy Defenders,1366106433,Galaxy Defenders (2014),180252.91,12,4.787491742782046,3.1413
Tanto Cuore: Oktoberfest,1408049921,Tanto Cuore: Oktoberfest (2016),173679,13,3.8066624897703196,2.1667
D-Day Dice,1319949042,D-Day Dice (2012),171805.27,14,3.8066624897703196,2.0573
Rise of the Kage,1410030136,Rise of the Kage (2015),171547.040438326,13,4.0943445622221,3.2222
Dungeon Dice,1399954101,Dungeon Dice (2014),167150.5,8,2.995732273553991,2.0732
Epic PVP: Fantasy,1421866961,Epic PVP: Fantasy (2015),163118.84,10,2.995732273553991,2.12
Tiny Epic Defenders,1403184125,Tiny Epic Defenders (2015),162372,13,3.4011973816621555,1.7816
Infamy,1405018832,Infamy (2013),162238.971756485,13,4.0943445622221,2.8919
Kingdom Builder: Big Box,1392176351,Kingdom Builder: Big Box (2014),159804,8,3.8066624897703196,2.4286
The Banner Saga: Warbands,1447354744,The Banner Saga: Warbands (2016),158360,13,4.499809670330265,2.5
Guild Ball,1392930042,Guild Ball (2015),156296.81426667,12,4.0943445622221,3.4
One Night Ultimate Werewolf Daybreak,1411998217,One Night Ultimate Werewolf Daybreak (2015),151631.59,8,2.302585092994046,1.4478
Vast: The Crystal Caverns,1440435528,Vast: The Crystal Caverns (2016),148766,10,4.31748811353631,3.119
Mech Command RTS,1468947039,Mech Command RTS (2017),148157.52,11,3.6888794541139363,3
Lagoon: Land of Druids,1391187653,Lagoon: Land of Druids (2014),147762.02,12,4.0943445622221,2.7286
Space Cadets: Away Missions,1421858897,Space Cadets: Away Missions (2015),146296,10,4.787491742782046,2.5556
War & Pieces,1473869442,War & Pieces (2016),143873.97,5,3.4011973816621555,1
Harbour,1402932117,Harbour (2015),143498.65,8,4.0943445622221,2.0676
Machina Arcana,1384873200,Machina Arcana (2014),142790.02,13,5.0106352940962555,3.1111
Above and Below,1425319758,Above and Below (2015),142148,13,4.499809670330265,2.5579
Mr. Card Game,1348108268,Mr. Card Game (2014),142002.85,13,4.0943445622221,2.5625
Zombie 15',1389741336,Zombie 15' (2014),141203,14,2.70805020110221,2.25
Burning Suns,1377109585,Burning Suns (2013),140104.93326032,14,4.382026634673881,3.6364
Mistfall: Heart of the Mists,1462888664,Mistfall: Heart of the Mists (2016),139934,14,4.787491742782046,3.8571
Fairytale Games: The Battle Royale,1370273321,Fairytale Games: The Battle Royale (2014),139658.11,13,3.4011973816621555,3.3333
Teramyyd: Earthsphere,1363312396,Teramyyd: Earthsphere (2014),139243.64,8,4.499809670330265,3
Fields of Green,1470839210,Fields of Green (2016),139229.52,12,3.8066624897703196,2.5263
Argent: The Consortium,1385080934,Argent: The Consortium (2015),138708.57,10,5.0106352940962555,3.7917
Ultimate Werewolf: Deluxe Edition,1389098611,Ultimate Werewolf: Deluxe Edition (2014),137973,8,3.4011973816621555,1.5909
Chaosmos,1388703464,Chaosmos (2015),136361.6,12,4.499809670330265,2.6842
Petrichor,1491954028,Petrichor (2017),135449,14,4.382026634673881,3
Escape Room In A Box: The Werewolf Experiment,1454518915,Escape Room In A Box: The Werewolf Experiment (2016),135429,13,4.499809670330265,2.5
Mistfall,1425998382,Mistfall (2015),134348,14,4.787491742782046,3.8356
The Red Dragon Inn 6: Villains,1479232623,The Red Dragon Inn 6: Villains (2017),130815,13,4.0943445622221,2
Galaxy of Trian,1408652013,Galaxy of Trian (2014),130395,10,3.8066624897703196,2.5405
Japanese: The Game,1388699347,Japanese: The Game (2014),128808.51,12,2.302585092994046,2.3333
Planetarium,1465920103,Planetarium (2017),126815,10,3.8066624897703196,2.1538
Sherman Leader,1481929427,Sherman Leader (2017),125945,12,4.0943445622221,3
Evolution,1399262916,Evolution (2014),124316.55,12,4.248495242049359,2.4578
The Doom That Came To Atlantic City,1336388469,The Doom That Came To Atlantic City (2014),122874.17,15,3.8066624897703196,1.85
The Pirate Republic,1487688730,The Pirate Republic (2017),122158,14,4.499809670330265,3
Guardians' Chronicles,1366350498,Guardians' Chronicles (2014),120571.02,14,4.31748811353631,2.8333
Thief's Market,1453822780,Thief's Market (2016),120333,10,3.912023005428146,1.7857
Raiders of the North Sea,1427713188,Raiders of the North Sea (2015),118624.90509987,12,4.382026634673881,2.58
Gloom of Kilforth: A Fantasy Quest Game,1440716499,Gloom of Kilforth: A Fantasy Quest Game (2017),118135.67686731,13,5.19295685089021,2.6
Fresco: Big Box,1389308433,Fresco: Big Box (2014),117522,10,4.0943445622221,2.8387
Guilds of Cadwallon,1354749053,Guilds of Cadwallon (2013),116938,10,3.4011973816621555,1.8125
Ground Floor,1334065843,Ground Floor (2012),116894.7,12,5.0106352940962555,3.7012
The Captain Is Dead,1402613999,The Captain Is Dead (2014),114228.01,12,4.499809670330265,2.425
Fallen,1371885037,Fallen (2014),113594.08,14,4.499809670330265,3.0526
Secrets of the Lost Tomb,1385416790,Secrets of the Lost Tomb (2015),111889,13,4.0943445622221,3.25
Dr. McNinja's Legendary Showdown,1382553141,Dr. McNinja's Legendary Showdown (2014),111661.04,12,3.4011973816621555,1.7778
Eminent Domain: Battlecruisers,1433432578,Eminent Domain: Battlecruisers (2016),110319,13,3.4011973816621555,2
Fallen Frontiers,1415991837,Fallen Frontiers (2015),109578,13,4.0943445622221,3
The Great War,1423239707,The Great War (2015),109428.1801661,10,4.0943445622221,2.5556
New Bedford,1437490836,New Bedford (2016),109343,12,4.31748811353631,2.3182
The Red Dragon Inn: Battle for Greyport,1456862422,The Red Dragon Inn: Battle for Greyport (2016),108747.8,12,4.605170185988092,3
Among the Stars: Revival,1422351596,Among the Stars: Revival (2015),108392.1,12,3.4011973816621555,2.3636
New Dawn,1403911886,New Dawn (2014),107724.3,12,4.787491742782046,3.0303
Dungeon Alliance,1486400287,Dungeon Alliance (2017),107402,12,5.19295685089021,3.3333
Lancaster: Big Box,1419008328,Lancaster: Big Box (2015),106088,10,4.0943445622221,3.2
Forge War,1401984918,Forge War (2015),105965,12,5.19295685089021,3.7391
Tau Ceti: Planetary Crisis,1457449243,Tau Ceti: Planetary Crisis (2017),105673,14,4.787491742782046,2.6667
BATTALIA: The Creation,1435070133,BATTALIA: The Creation (2015),104884,13,5.19295685089021,3.4107
Yashima: Legend of the Kami Masters,1410290804,Yashima: Legend of the Kami Masters (2015),104101.5,14,4.499809670330265,2.6875
Saloon Tycoon,1455810587,Saloon Tycoon (2016),104001.42,12,4.0943445622221,2.2857
Drinking Quest: Journey into Draught,1456751380,Drinking Quest: Journey into Draught (2016),103898.5749044848,21,4.499809670330265,1.25
Henchmania,1469732375,Henchmania (2016),103759.7137027056,12,4.0943445622221,2
Alien Uprising,1378127049,Alien Uprising (2014),103494,13,4.499809670330265,3.1667
Salem,1427321572,Salem (2016),103347,12,4.499809670330265,2.75
Salem,1427321572,Salem (2015),103347,12,3.5553480614894135,1.7143
The Networks,1441123219,The Networks (2016),103297.66,13,4.499809670330265,2.4722
Taluva Deluxe,1417594642,Taluva Deluxe (2015),103114.5,8,3.8066624897703196,3
Two Rooms and a Boom,1383055231,Two Rooms and a Boom (2013),102102.58,8,2.70805020110221,1.4216
Airborne In Your Pocket,1343676398,Airborne In Your Pocket (2012),102010,10,2.70805020110221,1
The World of Smog: On Her Majesty's Service,1414695636,The World of Smog: On Her Majesty's Service (2015),101351,14,4.0943445622221,2.5143
Kodama: The Tree Spirits,1444741139,Kodama: The Tree Spirits (2016),99380,14,3.6888794541139363,1.5476
"Run, Fight, or Die!",1381684073,"Run, Fight, or Die! (2014)",99310.61,13,3.6888794541139363,1.9647
Pandemonium,1445525784,Pandemonium (2017),98813,14,4.787491742782046,2.6
Knot Dice,1427979621,Knot Dice (2016),97197.11,5,2.995732273553991,2
Draco Magi,1390846228,Draco Magi (2014),95564,12,3.4011973816621555,2.0909
Progress: Evolution of Technology,1401803705,Progress: Evolution of Technology (2014),95031.1,12,4.499809670330265,2.4194
Saltlands,1461664618,Saltlands (2016),94245.78205728,12,4.787491742782046,2.8571
Storm the Castle!,1350775018,Storm the Castle! (2013),94226,8,4.499809670330265,3.3636
Dwarves in Trouble,1468951149,Dwarves in Trouble (2016),93961,8,3.6888794541139363,1
Nothing Personal,1351540833,Nothing Personal (2013),93157.01,8,4.787491742782046,2.7525
Dawn of the Zeds (Third edition),1434654113,Dawn of the Zeds (Third edition) (2016),93051,13,5.19295685089021,3.7083
Way of the Fighter,1480363279,Way of the Fighter (2017),91905.53,12,3.912023005428146,3.5
Innovation Deluxe,1443636058,Innovation Deluxe (2017),91769.91,14,4.0943445622221,2.5
Dark Dealings,1434113837,Dark Dealings (2016),91549.5,12,2.995732273553991,1.8
The Manhattan Project: Energy Empire,1457451554,The Manhattan Project: Energy Empire (2016),91411.47,13,4.787491742782046,3.1628
Scoville,1439302118,Scoville (2014),91087.8,13,4.499809670330265,2.8
The King's Armory,1382949667,The King's Armory (2015),90389.01,13,5.480638923341991,3.1765
Abandon Planet,1479190295,Abandon Planet (2017),90114,12,4.382026634673881,2
Dungeon Crusade,1463969027,Dungeon Crusade (2017),89870.52,10,5.480638923341991,4
Mint Works,1471363221,Mint Works (2017),89165,13,2.995732273553991,1.6667
Ion: A Compound Building Game,1428487585,Ion: A Compound Building Game (2015),89079.53,8,3.6888794541139363,1.3636
Islebound,1446476250,Islebound (2016),88270,13,4.787491742782046,2.9333
Simurgh,1448380321,Simurgh (2015),88046.54,12,4.499809670330265,2.9091
Dragoon,1424840616,Dragoon (2016),88020.01,13,4.0943445622221,2.2222
Brew Crafters,1382711065,Brew Crafters (2013),87991,12,4.499809670330265,3.5739
Hegemonic,1356547543,Hegemonic (2013),87844.91,13,5.19295685089021,3.6531
Spirits of the Rice Paddy,1420775105,Spirits of the Rice Paddy (2015),87375,13,4.499809670330265,3.1111
Giga-Robo!,1467817255,Giga-Robo! (2017),87319,12,4.499809670330265,3
The Red Dragon Inn 4,1367453958,The Red Dragon Inn 4 (2013),86474.5,13,4.0943445622221,1.7
Quests of Valeria,1461682569,Quests of Valeria (2017),85563,14,3.8066624897703196,1.8
Gunship: First Strike!,1329274595,Gunship: First Strike! (2013),84786.03,13,3.4011973816621555,2.4167
WarQuest,1430833983,WarQuest (2016),84506,14,4.787491742782046,3
Ave Roma,1462269516,Ave Roma (2016),84302.18926932,12,4.787491742782046,3.6875
Spirit Island,1442934050,Spirit Island (2017),84176,13,4.787491742782046,3.6667
Defenders of the Last Stand,1431616099,Defenders of the Last Stand (2016),84047,14,4.787491742782046,2.5714
The King's Abbey,1428502004,The King's Abbey (2016),84021,12,5.19295685089021,3.2333
Castles,1398737820,Castles (2014),83573.49,10,3.4011973816621555,2
Defense Grid: The Board Game,1484622038,Defense Grid: The Board Game (2017),83492,13,4.787491742782046,3
The Gallerist,1434634375,The Gallerist (2015),83212,13,5.0106352940962555,4.2682
Heroes Wanted,1422365741,Heroes Wanted (2014),82935,13,3.8066624897703196,2.5676
Crimson Creek,1444833042,Crimson Creek (2016),82704,16,4.499809670330265,2.625
Mobile Frame Zero: Rapid Attack,1330960143,Mobile Frame Zero: Rapid Attack (2012),82499.83,10,5.0106352940962555,2.5
Stockpile,1459339263,Stockpile (2015),81371,13,3.8066624897703196,2.0865
King's Forge,1375370175,King's Forge (2014),80820.43,14,4.0943445622221,2.3
Perdition's Mouth: Abyssal Rift,1447254019,Perdition's Mouth: Abyssal Rift (2016),80341,10,5.19295685089021,3.6923
Victory in Europe,1396655131,Victory in Europe (2015),79484.6,12,5.19295685089021,3.2778
Virus,1462458792,Virus (2016),79262.89579625,14,4.787491742782046,3.25
Camp Grizzly,1382986716,Camp Grizzly (2013),78664,18,4.0943445622221,2.087
IKI,1436541695,IKI (2015),78046,14,4.499809670330265,2.9348
Get Lucky,1382122902,Get Lucky (2014),78032.31,12,2.995732273553991,1.6129
Campy Creatures,1486479685,Campy Creatures (2017),77886,10,3.4011973816621555,1.5
18OE: On the Rails of the Orient Express,1371471447,18OE: On the Rails of the Orient Express (2014),77676,14,6.579251212010101,4.6
Galactic Strike Force,1366124367,Galactic Strike Force (2014),77124.36,13,4.0943445622221,3.24
V-Commandos,1416326324,V-Commandos (2016),77095.71013872,12,5.19295685089021,2.75
Shadowstar Corsairs,1429626168,Shadowstar Corsairs (2016),76118.99,13,5.0106352940962555,3.1667
Slap .45,1408375397,Slap .45 (2015),75641.66,8,2.995732273553991,1.3333
Disaster Looms!,1335553261,Disaster Looms! (2012),75098.97,10,4.499809670330265,3.1333
Ravingspire,1459252841,Ravingspire (2016),74858,12,5.480638923341991,2.4286
Days of Ire: Budapest 1956,1464786987,Days of Ire: Budapest 1956 (2016),74784,10,4.499809670330265,2.9444
Allegiance: A Realm Divided,1395858203,Allegiance: A Realm Divided (2015),74656.09019874,10,4.0943445622221,2.95
Historia,1403017175,Historia (2014),74635.5,14,5.19295685089021,3.1212
Sector 6,1481648270,Sector 6 (2017),74570,8,4.0943445622221,2.1667
Vanuatu (second edition),1462259855,Vanuatu (second edition) (2016),74029.58715053,12,4.499809670330265,3.45
March of the Ants,1398785965,March of the Ants (2015),73621,13,4.248495242049359,2.6275
Control,1453217944,Control (2016),73615,10,2.70805020110221,1.6
The Exiled: Siege,1451332846,The Exiled: Siege (2016),73184,14,4.787491742782046,2.75
Dale of Merchants 2,1462193995,Dale of Merchants 2 (2016),72369,10,3.6888794541139363,2.1429
Walk the Plank!,1363169006,Walk the Plank! (2013),72301.54,6,2.995732273553991,1.2564
Peak Oil,1491407795,Peak Oil (2017),72223.2,8,4.31748811353631,2.6667
Dead Man's Draw,1451909253,Dead Man's Draw (2015),71591,13,2.70805020110221,1.3509
Privateer,1384617645,Privateer (2016),70846,9,3.8066624897703196,2.4286
AquaSphere,1405961982,AquaSphere (2014),70506.11,12,4.605170185988092,3.6667
Dead Men Tell No Tales,1408448899,Dead Men Tell No Tales (2015),68918,13,4.31748811353631,2.4074
RUM,1450180804,RUM (2016),68031.87187849,10,2.995732273553991,2
Torn Armor,1362286156,Torn Armor (2013),67742,13,3.4011973816621555,2
World Monuments,1456329348,World Monuments (2016),67552,8,3.8066624897703196,1.4
Tomorrow,1354848203,Tomorrow (2013),66820.47,18,4.499809670330265,2.6957
Dragon Slayer,1398096572,Dragon Slayer (2014),66740.92,14,2.70805020110221,1.0854
Dogs of War,1398455372,Dogs of War (2014),66703,14,4.31748811353631,2.6667
"...and then, we held hands.",1442520481,"...and then, we held hands. (2015)",66446,12,3.8066624897703196,1.75
Fallen City of Karez,1346851559,Fallen City of Karez (2012),66087,12,4.787491742782046,3.0345
Viticulture,1345779846,Viticulture (2013),65980.72,13,4.499809670330265,2.9328
Gruff,1430489008,Gruff (2015),65465.66,11,3.8066624897703196,3
Vault Wars,1425571245,Vault Wars (2015),65449,13,4.0943445622221,2.0882
Campaign Trail,1462285626,Campaign Trail (2017),65257.5,12,4.787491742782046,2.25
Coin Age,1386608870,Coin Age (2013),65195.42,8,2.70805020110221,1.3193
Dingo's Dreams,1439218676,Dingo's Dreams (2016),64285,8,3.4011973816621555,1.1538
Heavy Steam,1395941010,Heavy Steam (2015),64144,12,4.787491742782046,3.1
Space Race: The Card Game,1461771959,Space Race: The Card Game (2017),63826.81316737,13,4.0943445622221,3
Miskatonic School for Girls,1317914518,Miskatonic School for Girls (2012),63763.51,12,4.0943445622221,1.9184
Hold the Line: The American Revolution,1461425135,Hold the Line: The American Revolution (2016),63539.52,10,4.787491742782046,2
Pocket Odyssey,1399251622,Pocket Odyssey (2014),63412,12,4.787491742782046,2
Valeria: Card Kingdoms,1426003248,Valeria: Card Kingdoms (2016),63063,13,3.8066624897703196,1.9348
Belle of the Ball,1377274842,Belle of the Ball (2014),62983.27,13,3.8066624897703196,1.5
Nova Cry,1421679824,Nova Cry (2016),62716,12,4.499809670330265,1.5
Wizard's Academy,1426698035,Wizard's Academy (2016),62701.8037371,12,5.19295685089021,3.3333
Eminent Domain: Microcosm,1412790402,Eminent Domain: Microcosm (2014),61915.07,13,2.70805020110221,1.9
Amerigo,1367950943,Amerigo (2013),61193,10,4.499809670330265,3
Kiwetin,1484663612,Kiwetin (2017),61159.03303119,7,2.995732273553991,1.75
Incredible Expeditions: Quest for Atlantis,1375390101,Incredible Expeditions: Quest for Atlantis (2015),61152.01,12,4.787491742782046,2.6923
Shipwrights of the North Sea,1392170031,Shipwrights of the North Sea (2014),60986.3022663134,10,4.0943445622221,2.3721
Penny Press,1402421400,Penny Press (2015),60376.04,13,4.0943445622221,2.2333
The Convicted,1391022071,The Convicted (2014),60185,12,6.802394763324311,3.8462
Epic Dice Tower Defense,1472521534,Epic Dice Tower Defense (2016),60033,8,3.6888794541139363,2.5
Orcs Orcs Orcs,1410192002,Orcs Orcs Orcs (2014),59861,13,3.8066624897703196,2
Draconis Invasion,1447360538,Draconis Invasion (2016),59493.01614138,14,4.499809670330265,2.4286
A Duel Betwixt Us,1375265716,A Duel Betwixt Us (2014),59296.52,10,3.8066624897703196,1.6667
The Perfect Heist,1348087509,The Perfect Heist (2013),59251.99,14,4.0943445622221,2.25
VivaJava: The Coffee Game: The Dice Game,1371812460,VivaJava: The Coffee Game: The Dice Game (2014),59186.44,10,3.6888794541139363,1.7656
Herbaceous,1471954242,Herbaceous (2017),59032.53,8,2.995732273553991,1.2222
Something Different,1370754002,Something Different (2013),58766.58,13,3.4011973816621555,1.3333
The Goonies: Adventure Card Game,1458655994,The Goonies: Adventure Card Game (2016),58382,14,3.8066624897703196,1.6
Canterbury,1367379664,Canterbury (2013),58355.5,10,4.499809670330265,3.1
Victory and Glory: Napoleon,1447740154,Victory and Glory: Napoleon (2017),57782,10,5.886104031450156,3
Berserk: War of the Realms,1369653149,Berserk: War of the Realms (2013),57325.01,13,4.0943445622221,2.75
Hold Your Breath!,1385058692,Hold Your Breath! (2014),57321.92,6,2.995732273553991,1.5
[redacted],1407202189,[redacted] (2014),57053.05,12,3.8066624897703196,2.9211
Darkrock Ventures,1436871706,Darkrock Ventures (2016),56624,14,3.8066624897703196,2.4286
Monikers,1401294624,Monikers (2015),56591.93,18,4.0943445622221,1.1111
Fire of Eidolon,1468494202,Fire of Eidolon (2016),56280,14,3.8066624897703196,2
Slaughterball,1410880018,Slaughterball (2016),56180,14,4.0943445622221,2.5
VivaJava: The Coffee Game,1327467993,VivaJava: The Coffee Game (2012),56052.07,13,4.499809670330265,2.5067
I Hate Zombies,1414472493,I Hate Zombies (2015),55588.84,6,2.70805020110221,1
Ninja Dice,1379030098,Ninja Dice (2013),55294,9,3.4011973816621555,1.3056
World of Yo-Ho,1414594321,World of Yo-Ho (2016),55284,8,4.499809670330265,2.1111
Bring Your Own Book,1421950364,Bring Your Own Book (2015),55193.33,12,4.0943445622221,1.1429
Mouse Guard: Swords & Strongholds,1404835248,Mouse Guard: Swords & Strongholds (2015),55001,8,3.4011973816621555,1.6667
Dragon's Hoard,1359079867,Dragon's Hoard (2014),54950,8,3.8066624897703196,1.4468
Copper Country,1399993e3,Copper Country (2015),54581,14,4.0943445622221,2.7273
The Resistance: Avalon,1344903749,The Resistance: Avalon (2012),54445.37,13,3.4011973816621555,1.7788
PURGE: Sins of Science,1349127662,PURGE: Sins of Science (2012),54063,13,3.4011973816621555,2.4
Loop Inc.,1435071424,Loop Inc. (2015),53996,13,3.6888794541139363,2.5455
Robots on the Line,1393685946,Robots on the Line (2015),53982,10,3.8066624897703196,2.1
Clockwork Wars,1406771666,Clockwork Wars (2015),53335,13,4.499809670330265,3.0833
Cross Hares: Testing Ground,1385748516,Cross Hares: Testing Ground (2014),52978.31,10,4.0943445622221,1.8182
Garbage Day!,1441111804,Garbage Day! (2016),52945,10,3.4011973816621555,1
Dwarven Miner,1367445030,Dwarven Miner (2013),52679,12,3.4011973816621555,1.9
Centauri Saga,1446393646,Centauri Saga (2016),52518.695418761,12,4.499809670330265,3
Zephyr: Winds of Change,1459267187,Zephyr: Winds of Change (2017),52470,13,5.598421958998375,3.3333
Floating Market,1423492959,Floating Market (2015),52342,13,3.8066624897703196,1.5909
Xibalba,1460383200,Xibalba (2016),52310.94046986,12,4.0943445622221,2
The Duke,1338386621,The Duke (2013),52256.76,13,3.4011973816621555,2.5714
Best Treehouse Ever,1426856415,Best Treehouse Ever (2015),52132,8,2.995732273553991,1.4444
Lost Woods,1422896969,Lost Woods (2015),51912.84,12,4.0943445622221,1.4615
Heldentaufe,1455389992,Heldentaufe (2016),51630.6899113488,10,4.499809670330265,2.2
Star Realms,1380862597,Star Realms (2014),51481,12,2.995732273553991,1.9738
Flash Point: Fire Rescue,1311091496,Flash Point: Fire Rescue (2011),51398.7,10,3.8066624897703196,2.2064
Apex Theropod Deck-Building Game,1393889184,Apex Theropod Deck-Building Game (2015),51364,14,5.66988092298052,2.9565
Release!,1400619065,Release! (2014),50921.81,12,3.4011973816621555,1.7143
Star Traders,1456506386,Star Traders (2016),50850.1,7,5.19295685089021,2
Playing Lean,1430722889,Playing Lean (2015),50736.784364154,16,5.19295685089021,1
Total Extinction,1382454710,Total Extinction (2013),50204.12652483,13,4.499809670330265,3
Dawn: Rise of the Occulites,1380514371,Dawn: Rise of the Occulites (2014),50008,10,4.0943445622221,2.6667
Captains of Industry,1378995634,Captains of Industry (2015),49953,13,5.0106352940962555,3.775
Raid & Trade,1415028423,Raid & Trade (2015),49699,12,4.499809670330265,2.8333
The Ancient World,1394151758,The Ancient World (2014),49024.43,13,4.499809670330265,2.7391
Bloc by Bloc: The Insurrection Game,1460467368,Bloc by Bloc: The Insurrection Game (2016),49006,14,5.19295685089021,3
Shadows over the Empire,1379520809,Shadows over the Empire (2013),48981.5,12,3.4011973816621555,2.8095
Tsuro of the Seas,1337886475,Tsuro of the Seas (2012),48813.56,8,3.4011973816621555,1.4425
Damage Report,1346393100,Damage Report (2014),48642.05,10,3.8066624897703196,2.6316
Democracy: Majority Rules,1348776436,Democracy: Majority Rules (2013),48468.12,12,4.0943445622221,2.2
Province,1392140003,Province (2014),48339.53,13,3.2188758248682006,1.825
Amerika,1385611603,Amerika (2015),47936.1,12,4.787491742782046,3
Eaten by Zombies!,1313867544,Eaten by Zombies! (2011),47874.82,8,3.4011973816621555,2.0789
Lincoln's War,1364470444,Lincoln's War (2013),47538,18,5.19295685089021,3.0625
Guards of Atlantis: Tabletop MOBA,1452752975,Guards of Atlantis: Tabletop MOBA (2016),47273.5,12,4.787491742782046,3
Factory Funner,1441357246,Factory Funner (2016),47186.5767201,11,3.6888794541139363,2.4
Hostage Negotiator,1405454247,Hostage Negotiator (2015),47092.21,13,2.995732273553991,1.9718
Transylvania: Curses & Traitors,1398956446,Transylvania: Curses & Traitors (2015),46787.8,12,3.8066624897703196,2.2
Till Dawn,1395154938,Till Dawn (2014),46703,8,3.4011973816621555,1.4545
War of Kings,1392472347,War of Kings (2014),46658,13,4.787491742782046,3.2857
Cornish Smuggler,1369311423,Cornish Smuggler (2013),46601.47076608,13,4.787491742782046,3.1778
Urbanization,1338955242,Urbanization (2012),46365,12,4.31748811353631,2.8372
Wizards of the Wild,1426176005,Wizards of the Wild (2015),46291,10,3.4011973816621555,1.8824
Downsize,1458501370,Downsize (2016),46250.4579165349,10,3.6888794541139363,1.4
Paradox,1435328005,Paradox (2016),46208,10,4.787491742782046,2.4667
Game Developerz,1393247288,Game Developerz (2014),46056.3786517674,14,4.787491742782046,1.75
Get Off My Land!,1491839946,Get Off My Land! (2017),45774.83701504,14,4.0943445622221,3
Pay Dirt,1394643059,Pay Dirt (2014),45758.5,13,4.499809670330265,2.5778
Schrödinger's Cats,1421781973,Schrödinger's Cats (2015),45675.96,8,3.4011973816621555,1.4444
BrilliAnts,1448038782,BrilliAnts (2017),45561.9093969151,8,4.499809670330265,2.4
World's Fair 1893,1443535315,World's Fair 1893 (2016),45468,10,3.8066624897703196,1.9318
Mars Needs Mechanics,1346434998,Mars Needs Mechanics (2013),45340.65,10,3.8066624897703196,1.9677
Card Rogue,1471708790,Card Rogue (2016),44806,10,4.499809670330265,2
Skulldug!,1429023666,Skulldug! (2015),44784,13,4.499809670330265,2
The New Science,1347814090,The New Science (2013),44725.62,12,4.499809670330265,2.6393
City of Iron,1344986398,City of Iron (2013),44703,13,4.787491742782046,3.2143
City,1344986398,City (2014),44703,12,4.0943445622221,2.8
Castle Dice,1348758215,Castle Dice (2013),44581.6,10,3.8066624897703196,2.2759
Exoplanets,1432223404,Exoplanets (2015),44021,12,4.0943445622221,2.3667
DEER LORD!,1446538499,DEER LORD! (2015),43947.238753145,12,4.499809670330265,1.6667
A.D.A.P.T.,1453222835,A.D.A.P.T. (2016),43816,7,3.6888794541139363,3
Side Quest,1445930535,Side Quest (2016),43715.1937194,8,4.787491742782046,2
Velociraptor! Cannibalism!,1329796141,Velociraptor! Cannibalism! (2013),43619.69,8,4.0943445622221,1.8571
Fantasy Frontier,1377786992,Fantasy Frontier (2014),43613,13,4.0943445622221,2.5
Spheres of Influence: Struggle for Global Supremacy,1433258628,Spheres of Influence: Struggle for Global Supremacy (2016),43268,14,4.499809670330265,2.2778
Cthulhu's Vault,1397604779,Cthulhu's Vault (2015),42923.41,10,3.8066624897703196,1.25
We Are Dead: Zombie Mall Massacre,1349827986,We Are Dead: Zombie Mall Massacre (2014),42790.83,13,4.0943445622221,1.6
Zogar's Gaze,1357696843,Zogar's Gaze (2013),42704.55,12,3.6888794541139363,1.3636
Far Space Foundry,1425401442,Far Space Foundry (2015),42496,10,4.382026634673881,2.6923
Eight-Minute Empire: Legends,1368648594,Eight-Minute Empire: Legends (2013),41792,13,3.4657359027997265,1.979
Kings of Air and Steam,1320076792,Kings of Air and Steam (2013),41722,13,4.499809670330265,2.8298
Ninja Camp,1437395081,Ninja Camp (2016),41353,14,3.4011973816621555,1.619
Pixie Queen,1473415171,Pixie Queen (2017),41316.8803441932,12,4.787491742782046,3.3
Pixel Lincoln: The Deckbuilding Game,1338911189,Pixel Lincoln: The Deckbuilding Game (2013),41229.01,10,3.8066624897703196,1.8182
Hoplomachus: Origins,1429196199,Hoplomachus: Origins (2015),41166,12,3.4011973816621555,2.7143
Guts of Glory,1346255125,Guts of Glory (2012),41144.67,8,3.4011973816621555,1.7143
Tavern Brawl,1405879631,Tavern Brawl (2014),40850.01,8,2.70805020110221,1.5
Chicken Caesar,1328482788,Chicken Caesar (2012),40780.77,12,4.499809670330265,2.7568
Lunarchitects,1447162201,Lunarchitects (2016),40449,13,4.0943445622221,2.5714
Antimatter Matters,1371236176,Antimatter Matters (2013),40289,11,3.8066624897703196,1.4286
Relic Expedition,1364137114,Relic Expedition (2014),40253.5,10,4.0943445622221,2.3571
Fujian Trader,1423667333,Fujian Trader (2016),40032.5,12,5.19295685089021,2
Evil Intent,1360619965,Evil Intent (2014),39643,12,4.0943445622221,2.4545
Village in a Box,1389830422,Village in a Box (2013),39567.02,12,2.70805020110221,1.3333
Code Monkey Island,1399463376,Code Monkey Island (2014),39503.6,6,3.8066624897703196,1.5
Tribes: Early Civilization,1489136432,Tribes: Early Civilization (2017),39426.6391818,12,3.6888794541139363,2.75
Castle Assault,1468333029,Castle Assault (2015),39419,13,4.0943445622221,2.7143
Pirate Den,1394463617,Pirate Den (2015),39352.75,14,3.4011973816621555,1.3333
Fidelitas,1406894491,Fidelitas (2015),39267.08,10,3.4011973816621555,1.7667
Slaughterville,1434333977,Slaughterville (2015),39237,14,4.787491742782046,2.5
Phoenix Covenant,1413031297,Phoenix Covenant (2017),39153.05,14,4.499809670330265,3.75
Revenge of the Dictators,1459269027,Revenge of the Dictators (2016),39143.577663216,13,4.653960350157523,2.25
Lords of War: Templars versus Undead,1383635690,Lords of War: Templars versus Undead (2014),38962.14321461,12,3.4011973816621555,2.3333
Kill Shakespeare,1392797228,Kill Shakespeare (2014),38585,13,5.19295685089021,3.5
Dice of Crowns,1464707128,Dice of Crowns (2016),38536,8,2.995732273553991,1.3333
Pack of Heroes,1374664001,Pack of Heroes (2014),38339,10,2.995732273553991,2
Covalence: A Molecule Building Game,1444116262,Covalence: A Molecule Building Game (2016),38317,8,3.6888794541139363,1.25
Swinging Jivecat Voodoo Lounge,1420559361,Swinging Jivecat Voodoo Lounge (2016),38304,21,4.0943445622221,2.625
The Presidential,1328974704,The Presidential (2012),38208,11,3.8066624897703196,1.75
Karnivore Koala,1431399006,Karnivore Koala (2015),38185.3497107,12,3.4011973816621555,1.375
Tiki,1488391160,Tiki (2017),38003.07543561,8,2.995732273553991,2
Meteor,1412094645,Meteor (2014),37627,12,2.70805020110221,1.8824
Battle For Souls,1354730402,Battle For Souls (2013),37592,14,4.0943445622221,2.3396
Beowulf: A Board Game,1401730249,Beowulf: A Board Game (2015),37580,14,4.499809670330265,3
Paperback,1371139203,Paperback (2014),37493.77,8,3.8066624897703196,2.0058
House of Borgia,1455534028,House of Borgia (2017),37319.52,14,3.4011973816621555,2
Salvation Road,1431354387,Salvation Road (2016),37289,10,4.31748811353631,2.3333
Trekking the National Parks,1404919226,Trekking the National Parks (2014),37230,8,4.0943445622221,1.8333
Empires at Sea,1432464472,Empires at Sea (2016),37199,14,4.867534450455582,2.6364
The Great Dinosaur Rush,1443884554,The Great Dinosaur Rush (2016),37063,10,4.0943445622221,2.1429
Monstrous,1433862553,Monstrous (2016),37043,10,3.4011973816621555,1.5
Asking for Trobils,1406535245,Asking for Trobils (2015),36944.5,12,4.499809670330265,2.0625
Sunrise City,1314681657,Sunrise City (2012),36891.5,10,4.0943445622221,2.3333
Xtronaut: The Game of Solar System Exploration,1442065669,Xtronaut: The Game of Solar System Exploration (2016),36873,7,4.0943445622221,1.3333
Tides of Infamy,1430917068,Tides of Infamy (2015),36849,13,4.0943445622221,2.3333
Coven,1417444475,Coven (2015),36841,14,4.0943445622221,2.5
Cartography,1413291072,Cartography (2015),36693.06,10,2.995732273553991,2
Techno Bowl: Arcade Football Unplugged,1473685250,Techno Bowl: Arcade Football Unplugged (2016),36600,13,4.787491742782046,2
Dreary Hamlet,1445997719,Dreary Hamlet (2016),36543.36353478,7,4.499809670330265,2.3333
Albion's Legacy,1400257760,Albion's Legacy (2015),36511.82879337,14,4.499809670330265,3.3333
Parfum,1424969649,Parfum (2015),36436,8,3.8066624897703196,2.1064
Scrapyard Empire,1402321111,Scrapyard Empire (2014),36201.5,12,3.4011973816621555,2.5
Conquest of Speros,1396898199,Conquest of Speros (2015),36143,10,3.4011973816621555,2.125
Brewin' USA,1424279061,Brewin' USA (2015),36078,13,4.0943445622221,2.1818
Hands in the Sea,1424717007,Hands in the Sea (2016),35874,14,4.787491742782046,3
404: Law Not Found,1378742455,404: Law Not Found (2013),35741.58867398,12,4.0943445622221,2.3636
Gauntlet of Fools,1344989993,Gauntlet of Fools (2012),35695,13,3.4011973816621555,1.4853
Dreaming Spires,1381101599,Dreaming Spires (2014),35551.89,10,4.499809670330265,3
Zeppelin Attack!,1390875099,Zeppelin Attack! (2014),35524.6,12,3.8066624897703196,2.3182
Periorbis,1429383615,Periorbis (2015),35510.719087295,13,4.787491742782046,3.8333
The Great Heartland Hauling Co.,1343793558,The Great Heartland Hauling Co. (2013),35218.22,10,3.4011973816621555,1.8737
Deal: American Dream,1432713699,Deal: American Dream (2015),35143.693898699,16,4.499809670330265,3
Overlords of Infamy,1455721204,Overlords of Infamy (2016),35076,13,4.499809670330265,3
Redshirts,1349098615,Redshirts (2012),34686.33,12,3.4011973816621555,1.4348
Maha Yodha,1399467820,Maha Yodha (2014),34624.5,12,2.995732273553991,2.1429
Supremacy 2020,1392317759,Supremacy 2020 (2015),34536,12,4.787491742782046,3.5
The Opulent,1454428908,The Opulent (2016),34527,16,4.499809670330265,1.8333
Omen: A Reign of War,1323315763,Omen: A Reign of War (2011),34443.01,12,3.4011973816621555,2.3483
Carnival,1313553642,Carnival (2011),34436.65,13,3.4011973816621555,1.5312
Eternal Dynasty,1389729625,Eternal Dynasty (2015),34194.73,13,4.499809670330265,3
Snowblind: Race for the Pole,1459270597,Snowblind: Race for the Pole (2016),34194,10,4.0943445622221,2
Eight-Minute Empire,1349940706,Eight-Minute Empire (2012),34010,13,2.995732273553991,1.6282
How To Serve Man,1423440094,How To Serve Man (2016),33901.66,10,4.0943445622221,2
Burger Up,1445684397,Burger Up (2016),33888.5624509,9,3.4011973816621555,1.7778
The Lords of Rock,1470072087,The Lords of Rock (2016),33850.58,8,3.8066624897703196,1.25
Norsaga,1427716442,Norsaga (2015),33836,8,3.4011973816621555,1.875
Waggle Dance,1401210451,Waggle Dance (2014),33780.57331998,10,4.499809670330265,2.3585
Lanterns: The Harvest Festival,1412690002,Lanterns: The Harvest Festival (2015),33523,8,3.4011973816621555,1.5862
Sakura,1395985647,Sakura (2014),33463.03,12,3.4011973816621555,2
Yardmaster,1403615568,Yardmaster (2014),33286.41,8,2.995732273553991,1.254
Grimslingers,1425401940,Grimslingers (2015),33198.910342458,14,4.499809670330265,2.6667
The Shadow Over Westminster,1402688031,The Shadow Over Westminster (2015),33165.84,14,4.0943445622221,2.6
Dragon Punch,1430247842,Dragon Punch (2014),32661.84921994,12,2.302585092994046,1.4615
Arkham Ritual,1486490402,Arkham Ritual (2017),32365,8,2.70805020110221,1
Town Center (4th edition),1393202119,Town Center (4th edition) (2014),32314,12,3.4011973816621555,3.25
Dungeon Roll,1383573666,Dungeon Roll (2013),32283.45,8,2.70805020110221,1.3396
Kings of Israel,1382893339,Kings of Israel (2014),32248,14,3.8066624897703196,2.48
Gear & Piston,1366375908,Gear & Piston (2013),32188,8,3.4011973816621555,2.1379
Skyway Robbery,1409065275,Skyway Robbery (2015),32121,12,4.0943445622221,2.6667
Unknown,1396967845,Unknown (2015),32105,14,3.8066624897703196,3.1
Tavarua,1446570022,Tavarua (2016),32104,13,4.0943445622221,2.2
Dragon Whisperer,1360163447,Dragon Whisperer (2013),31988,10,3.4011973816621555,1.625
Disturbed Friends,1453248034,Disturbed Friends (2015),31921.8749009145,18,4.499809670330265,1
Web of Spies,1413391947,Web of Spies (2014),31851,14,4.0943445622221,2
Shadow of the Sun,1351055945,Shadow of the Sun (2013),31837.5,10,3.4011973816621555,2
Lyssan,1308389099,Lyssan (2012),31632.25,12,5.19295685089021,3.6667
The Lost Dutchman,1337842904,The Lost Dutchman (2013),31577,13,3.8066624897703196,2
Lap Dance,1415632818,Lap Dance (2014),31524,18,3.8066624897703196,1.9167
Four Tribes,1389142893,Four Tribes (2013),31452,8,3.4011973816621555,1.9
Hocus,1435247162,Hocus (2016),31403,10,3.4011973816621555,2.3125
Foretold: Rise of a God,1395333418,Foretold: Rise of a God (2014),31348.34,12,4.0943445622221,3.1429
Random Encounters,1437393341,Random Encounters (2015),31206.99,14,4.787491742782046,1.5
For The Win,1326556365,For The Win (2012),31085.08,8,2.302585092994046,1.7667
Get Laid!,1447949549,Get Laid! (2016),30684.79232275087,18,3.4011973816621555,2
The Cloud Dungeon,1441112117,The Cloud Dungeon (2015),30446.99,7,4.787491742782046,1
Titans of Industry,1333731541,Titans of Industry (2013),30388,13,4.499809670330265,2.7143
Cthulhu: A Deck Building Game,1454137717,Cthulhu: A Deck Building Game (2016),30382,14,4.787491742782046,3
Hunters of Arcfall,1368830973,Hunters of Arcfall (2014),30294,8,3.4011973816621555,1.4737
Startup Fever,1302330897,Startup Fever (2012),30287.32,14,4.787491742782046,2.6667
Bad Medicine,1423760378,Bad Medicine (2015),30130,16,3.4011973816621555,1.5
NOVUS,1380306091,NOVUS (2014),30106,12,3.8066624897703196,3
Bullfrogs,1396465852,Bullfrogs (2015),30105,8,3.6888794541139363,1.8462
This Town Ain't Big Enough for the 2-4 of Us,1391448975,This Town Ain't Big Enough for the 2-4 of Us (2014),30061.8,8,2.70805020110221,1.36
Borogove,1313860597,Borogove (2011),30033.52,6,3.4011973816621555,1
Upon a Fable,1365767784,Upon a Fable (2013),29724.01,13,4.0943445622221,2.4615
Agility,1443015091,Agility (2016),29467,10,3.8066624897703196,2
High Heavens,1391781537,High Heavens (2015),29450,8,4.31748811353631,2.2
Prime Time,1439385050,Prime Time (2015),29424,13,4.787491742782046,3.5
Magicka Mayhem: The Card Game,1458077585,Magicka Mayhem: The Card Game (2016),29418.34,7,3.4011973816621555,2
Civility,1368680581,Civility (2014),29358,12,4.499809670330265,2.8333
Airborne Commander,1425401970,Airborne Commander (2015),29228,10,3.4011973816621555,2.0357
Dead Drop,1412165045,Dead Drop (2015),29223.22,13,2.302585092994046,1.7391
Aetherium,1396328584,Aetherium (2014),29176,12,4.0943445622221,3
Hoplomachus: Rise of Rome,1360972937,Hoplomachus: Rise of Rome (2013),28939,12,3.4011973816621555,2.5714
Ghostel,1453838567,Ghostel (2017),28764.7650811776,12,4.0943445622221,2
Unreal Estate,1474387212,Unreal Estate (2017),28574,8,2.995732273553991,1.6667
Ophir,1402604198,Ophir (2015),28565,10,4.0943445622221,2.1304
JunKing,1428325316,JunKing (2015),28519,7,4.0943445622221,1.5
Tortuga,1390608163,Tortuga (2014),28490.42,8,3.5553480614894135,1.8421
What's He Building in There?,1365086915,What's He Building in There? (2013),28412,12,4.0943445622221,3.3333
Hull Breach: Corporate Wars,1359686508,Hull Breach: Corporate Wars (2014),28344.17,13,4.0943445622221,2.5
Creative Clash,1395151504,Creative Clash (2014),28261.99,12,3.4011973816621555,1.6667
"Minuit, Meurtre en Mer",1488269422,"Minuit, Meurtre en Mer (2017)",28128.3844996,12,4.499809670330265,3
Eschaton,1470332277,Eschaton (2016),28107,9,5.19295685089021,2.5
"Dwarves: Dig, Delve, Die",1484663437,"Dwarves: Dig, Delve, Die (2017)",28052,13,3.4011973816621555,2
CitiesUP,1450805959,CitiesUP (2016),28021.9785286,10,4.499809670330265,2.5
Council of Blackthorn,1454343540,Council of Blackthorn (2016),27961,13,4.499809670330265,2.1429
Strife: Legacy of the Eternals,1412171865,Strife: Legacy of the Eternals (2014),27904.01,13,4.0943445622221,2.4444
1862: Railway Mania in the Eastern Counties,1372591279,1862: Railway Mania in the Eastern Counties (2013),27862.85854296,12,5.703782474656201,4.3462
Leningrad '41,1479326422,Leningrad '41 (2017),27858.52514382,10,5.298317366548036,3
Epic Death!,1368044841,Epic Death! (2014),27800,12,3.4011973816621555,2.0909
Pirates! Card Game,1397331008,Pirates! Card Game (2014),27768.5057419,12,3.4011973816621555,2.1111
Road to Enlightenment,1336168676,Road to Enlightenment (2012),27684.67,12,5.0106352940962555,3.2
Ancient Terrible Things,1371565531,Ancient Terrible Things (2014),27675,14,4.0943445622221,2.0469
The Cards of Cthulhu,1375748985,The Cards of Cthulhu (2014),27613,10,4.0943445622221,1.8667
Ruse,1351181510,Ruse (2014),27587.25,10,3.4011973816621555,1.1765
King's Champion,1490873811,King's Champion (2017),27576,14,4.499809670330265,3.6667
Manifest,1393883973,Manifest (2014),27385.55248399,13,3.8066624897703196,2.8
Armymals,1405618078,Armymals (2014),27356,9,3.8066624897703196,2.25
Council of Verona,1370360944,Council of Verona (2013),27354.57,13,2.995732273553991,1.3509
Queen's Architect,1426702814,Queen's Architect (2015),27164,10,4.0943445622221,2.7447
"Goblins Drool, Fairies Rule!",1337104951,"Goblins Drool, Fairies Rule! (2013)",27127.84,7,2.70805020110221,1.0784
Jungle Ascent,1347018853,Jungle Ascent (2013),27047.53,8,3.4011973816621555,1.5714
Expedition: Famous Explorers,1362525377,Expedition: Famous Explorers (2013),27011,13,4.499809670330265,1.9615
YOU are the Maniac!,1349111316,YOU are the Maniac! (2012),27e3,13,3.4011973816621555,2.2
Cthulhu: The Great Old One,1391147949,Cthulhu: The Great Old One (2014),26947,8,2.70805020110221,1.3333
Cycling Party,1414058357,Cycling Party (2014),26886,10,4.0943445622221,2.1
The Butterfly Garden,1456246803,The Butterfly Garden (2016),26854,8,3.6888794541139363,1.3333
Mixtape Massacre,1428501324,Mixtape Massacre (2016),26851,17,4.499809670330265,1
Roots: A Game of Inventing Words,1413900530,Roots: A Game of Inventing Words (2015),26709.01,12,3.4011973816621555,1
Rise to Power,1398510077,Rise to Power (2014),26694.36122336,12,3.8066624897703196,2.375
Iron & Ale,1383832178,Iron & Ale (2014),26677,21,3.4011973816621555,1.5
Francis Drake,1365461839,Francis Drake (2013),26596,14,4.787491742782046,2.9204
Cauldron,1430312420,Cauldron (2015),26565.19704583,11,4.499809670330265,2.4444
Last Starfleet,1421676170,Last Starfleet (2015),26552,13,4.499809670330265,2.2
Surviving: One month in,1427604959,Surviving: One month in (2015),26515.2078736,11,4.499809670330265,2
Roots of Mali,1468951282,Roots of Mali (2016),26499.39486165,12,3.4011973816621555,3
The Siblings Trouble,1429016423,The Siblings Trouble (2015),26275,8,3.4011973816621555,2
Lords & Ladies,1378472535,Lords & Ladies (2014),26274.26,10,4.0943445622221,1.6154
Greed,1393901665,Greed (2014),26208,10,3.4011973816621555,2.0123
Pirates vs. Dinosaurs,1355465312,Pirates vs. Dinosaurs (2013),26062,11,4.499809670330265,2.1429
Corrupted Kingdoms,1455080515,Corrupted Kingdoms (2016),26044,14,4.0943445622221,1.5
Battleborn Legacy,1458644456,Battleborn Legacy (2017),26042,14,5.19295685089021,3
Temp Worker Assassins,1467110766,Temp Worker Assassins (2016),25978.89649784,14,4.0943445622221,2.5
Salt & Burn,1374705127,Salt & Burn (2013),25878,10,4.0943445622221,1
Princes of the Dragon Throne,1370637451,Princes of the Dragon Throne (2014),25816,14,4.787491742782046,3
Operation F.A.U.S.T.,1413805739,Operation F.A.U.S.T. (2015),25747,13,3.4011973816621555,1.8421
Kombat Kittens,1391123908,Kombat Kittens (2014),25650.43,9,2.995732273553991,1.5
Thrash'n Roll,1432953379,Thrash'n Roll (2015),25479.89526344,12,4.499809670330265,3.1667
Biergarten,1452609044,Biergarten (2016),25354.52,12,2.995732273553991,2
Formula E,1357609627,Formula E (2014),25325,8,4.0943445622221,1.5
Farmageddon,1328108468,Farmageddon (2012),25274.67,14,3.4011973816621555,1.62
Foe Hunters,1434036519,Foe Hunters (2016),25261,12,4.499809670330265,2.5
Goblin's Breakfast,1421766336,Goblin's Breakfast (2015),25243.84,8,2.70805020110221,1.4615
Star Patrol,1438449366,Star Patrol (2015),25206,12,4.0943445622221,2
VENOM Assault,1455030019,VENOM Assault (2016),25192.52,13,4.787491742782046,3
Nautilus Industries,1407423518,Nautilus Industries (2015),25168.48811769,8,4.0943445622221,2.4167
Musée,1406163778,Musée (2014),25022,8,3.4011973816621555,1.1818
Sherlock Holmes and Moriarty's Web,1472670652,Sherlock Holmes and Moriarty's Web (2016),25015,10,3.8066624897703196,2
Salmon Run,1346252457,Salmon Run (2013),24993,10,3.8066624897703196,1.8158
"Artifacts, Inc.",1416250654,"Artifacts, Inc. (2015)",24935.01,13,4.0943445622221,2.1829
Bucket of Doom,1410940894,Bucket of Doom (2014),24904.2868101314,18,3.4011973816621555,1
Elevenses,1384771951,Elevenses (2013),24861.2626719036,10,3.4011973816621555,1.3774
Ace Detective,1339173588,Ace Detective (2013),24789,14,4.0943445622221,2.2
Defenders of the Realm: Battlefields,1335161338,Defenders of the Realm: Battlefields (2012),24507.4,13,3.4011973816621555,2.1667
Dark Age Z,1411398118,Dark Age Z (2015),24503.02,12,4.499809670330265,3.1429
Dragon's Ransom,1412907928,Dragon's Ransom (2015),24447,8,3.4011973816621555,1.6667
Spy or Die Trying,1366658131,Spy or Die Trying (2013),24387.97775536,12,4.0943445622221,3
Ruddy Vikings,1429606835,Ruddy Vikings (2015),24234.1324771,6,3.6888794541139363,1
End of the Line,1455555535,End of the Line (2016),24173.65,13,4.382026634673881,2
Tahiti,1336683236,Tahiti (2012),24148.28,13,4.0943445622221,1.9118
Argonauts,1434655128,Argonauts (2015),24069,10,4.0943445622221,2.0714
The Hen Commandments,1415103602,The Hen Commandments (2015),23993.85506975,15,3.8066624897703196,2
Spurs: A Tale in the Old West,1389018973,Spurs: A Tale in the Old West (2014),23902,13,4.499809670330265,2.3571
Don't Turn Your Back,1422928445,Don't Turn Your Back (2015),23863,13,4.0943445622221,2.5
Omiga,1490704746,Omiga (2017),23772.23262687,6,1.6094379124341003,1
Biblios Dice,1417536672,Biblios Dice (2015),23685,8,3.4011973816621555,1.5714
Outer Earth,1413469407,Outer Earth (2013),23663.120336075,13,4.0943445622221,2.3333
Tiger Leader,1414630930,Tiger Leader (2015),23661,14,4.0943445622221,3.0909
Cuisine a la Card,1428676096,Cuisine a la Card (2016),23592,13,3.8066624897703196,2
Brass Empire,1443533877,Brass Empire (2016),23585,10,4.0943445622221,2
Fantastiqa,1340239304,Fantastiqa (2012),23580.73,8,4.0943445622221,2.3889
Project Dreamscape,1424105993,Project Dreamscape (2015),23577,10,3.4011973816621555,1.75
Edo,1332296404,Edo (2012),23534,12,4.0943445622221,2.951
Cosmic Run,1427126529,Cosmic Run (2015),23527,8,3.4011973816621555,1.375
COGZ,1417276948,COGZ (2015),23523,8,3.4011973816621555,2.0588
Hirelings: The Ascent,1344969366,Hirelings: The Ascent (2012),23499,7,3.4011973816621555,2
Foodfighters,1435881643,Foodfighters (2015),23431.4357121292,8,3.4011973816621555,1
RESISTOR_,1425396410,RESISTOR_ (2015),23346,8,2.995732273553991,2.1111
Peasant Buffet,1392508742,Peasant Buffet (2015),23335.23,8,2.70805020110221,1.3333
IncrediBrawl,1373293769,IncrediBrawl (2014),23267.25,8,3.4011973816621555,1.6667
Stormweavers,1443464665,Stormweavers (2016),23241,14,3.912023005428146,2.75
Inhabit the Earth,1445373279,Inhabit the Earth (2015),23224,14,4.499809670330265,3.1905
Carmarace,1374160386,Carmarace (2014),23150,8,4.499809670330265,2.75
Fallen Angel,1465648990,Fallen Angel (2017),23139.16504632,10,5.19295685089021,3.4286
Alkemia,1470318048,Alkemia (2017),23001.01,14,4.787491742782046,3
City Council,1381872757,City Council (2013),23e3,12,4.0943445622221,3.0263
Wizard's Brew,1359442208,Wizard's Brew (2013),22952,13,4.31748811353631,1.9167
Commissioned,1433332844,Commissioned (2016),22891,13,4.0943445622221,2.6842
Stellar Armada,1473940542,Stellar Armada (2017),22885,13,2.995732273553991,1
Tasnia,1366156837,Tasnia (2013),22739,8,3.8066624897703196,2.2857
EONS,1390199630,EONS (2013),22661.01,14,4.499809670330265,2.7
PBL Robots,1414105299,PBL Robots (2015),22645,12,4.0943445622221,1.6
Nightlight,1407775287,Nightlight (2014),22614,12,3.4011973816621555,1.2
What the Food?!,1368138398,What the Food?! (2013),22601.08,8,3.4011973816621555,1.6
Professor Pugnacious,1352022166,Professor Pugnacious (2013),22598,14,3.8066624897703196,2.1667
Island Dice,1421766063,Island Dice (2015),22598,12,4.0943445622221,2
Promised Land: 1250-587 BC,1368461997,Promised Land: 1250-587 BC (2013),22487.9956992,12,5.0106352940962555,2.9565
Scuba,1452783656,Scuba (2016),22331.04317145,8,4.0943445622221,1.3333
Brides & Bribes,1473264082,Brides & Bribes (2016),22286.829853384,12,4.499809670330265,3
Railroads,1403720879,Railroads (2014),22025,14,4.787491742782046,3
Samara,1431365876,Samara (2015),21984.31566115,10,3.912023005428146,2.1667
The Guardians: Explore,1442338047,The Guardians: Explore (2016),21981,13,4.499809670330265,3.2222
RARRR!!,1381706976,RARRR!! (2014),21869.6,8,4.0943445622221,1.7273
Rockwell,1370733340,Rockwell (2013),21852,14,4.499809670330265,3.1951
Siege of Sunfall,1455066006,Siege of Sunfall (2016),21801,10,3.8066624897703196,2
Start Player Express,1403010272,Start Player Express (2014),21712,8,0,1.1538
Immortal,1435066757,Immortal (2017),21358,10,4.499809670330265,2.3333
Speakeasy,1404227522,Speakeasy (2015),21340,14,4.31748811353631,3
Strategy of War,1344206704,Strategy of War (2012),21318.01,13,2.995732273553991,3.5
Cosmic Pioneers,1463156287,Cosmic Pioneers (2016),21299,13,4.0943445622221,2
Slash: Romance without boundaries,1383825344,Slash: Romance without boundaries (2013),21264.2,14,3.8066624897703196,1.1667
Rolling Freight,1298146934,Rolling Freight (2012),21186,13,5.19295685089021,3.0364
DRCongo,1420616739,DRCongo (2015),21145.51426336,14,4.787491742782046,3.5455
Ace of Spies,1337604933,Ace of Spies (2012),21054,10,3.4011973816621555,1.6429
Roadkill Rivals,1437390101,Roadkill Rivals (2015),21040.38,13,3.2188758248682006,1.75
Mob Town,1391176794,Mob Town (2013),21017.77,8,3.4011973816621555,1.6667
Forged in Steel,1420512018,Forged in Steel (2016),20998,13,4.787491742782046,3.5833
Game of Blame,1466434420,Game of Blame (2016),20951.8230516624,9,3.4011973816621555,2
Collapse,1412393715,Collapse (2015),20908.84,8,2.995732273553991,2.3333
Ars Victor,1367693788,Ars Victor (2013),20881.01,13,4.0943445622221,2.3684
Masters of the Gridiron,1390243169,Masters of the Gridiron (2014),20826.56,8,2.70805020110221,1.7778
Pretense,1422451842,Pretense (2015),20726.5,7,5.886104031450156,1.0833
Battle Merchants,1378223407,Battle Merchants (2014),20680,10,4.787491742782046,2.8824
DragonFlame,1415107882,DragonFlame (2014),20585,13,3.4011973816621555,1.7895
Burgoo,1389120724,Burgoo (2014),20505.28,10,2.70805020110221,1.2439
Swamped,1430919530,Swamped (2016),20504,13,3.4011973816621555,1.75
Dragon Racer,1416265342,Dragon Racer (2015),20462.49728556,13,4.787491742782046,2
oddball Aeronauts 2: Double the Trouble,1415177501,oddball Aeronauts 2: Double the Trouble (2015),20322.208036218,9,2.995732273553991,1.8
Shadow Days,1330061015,Shadow Days (2012),20271.84,13,3.4011973816621555,1.5
Byzantio,1374260310,Byzantio (2013),20261,10,4.0943445622221,2.2105
Among Nobles,1425929735,Among Nobles (2015),20250.26445845,14,4.787491742782046,2.8065
Stones of Fate,1392872424,Stones of Fate (2015),20223,12,3.4011973816621555,1.6667
Gothic Doctor,1404223226,Gothic Doctor (2015),20214,12,3.2188758248682006,1.9
Cul-De-Sac Conquest,1444953670,Cul-De-Sac Conquest (2016),20049,14,4.0943445622221,1.3333
Island Fortress,1321659917,Island Fortress (2013),19829,13,4.499809670330265,2.9231
Dark Mages,1446152037,Dark Mages (2016),19650.0423108,13,4.0943445622221,2
Street Kings,1452625822,Street Kings (2016),19523.31,8,4.787491742782046,2.2
New Salem,1407645036,New Salem (2015),19492,14,3.8066624897703196,1.5882
Foragers,1436975965,Foragers (2016),19324,8,4.382026634673881,2.0909
Railways Express,1367448503,Railways Express (2013),19246,7,4.0943445622221,1.6667
Dice Crawl,1386115610,Dice Crawl (2014),19216,10,3.4011973816621555,2
Jailbreakers: Plan Your Escape,1434988792,Jailbreakers: Plan Your Escape (2015),19201,10,3.8066624897703196,2
Roar-a-Saurus,1409059669,Roar-a-Saurus (2014),19161.41,8,2.70805020110221,1.2308
Zong Shi,1318328008,Zong Shi (2012),19110,13,4.499809670330265,2.5517
Omen: Edge of the Aegean,1478570536,Omen: Edge of the Aegean (2016),19045,10,3.4011973816621555,2
Witch Hunt,1366246214,Witch Hunt (2016),19041,13,4.499809670330265,2.25
Wanted: The Outlaws,1405339175,Wanted: The Outlaws (2014),19025.66,10,3.4011973816621555,1.5
Blurble,1331077341,Blurble (2013),18979.36,6,3.4011973816621555,1.3333
Night of Man,1418235801,Night of Man (2015),18948,12,4.0943445622221,2.8333
Fleet Wharfside,1437397637,Fleet Wharfside (2015),18947,13,3.4011973816621555,1.7692
Gondola,1470844861,Gondola (2016),18924,8,4.0943445622221,1.5
Trenton 1776,1427564423,Trenton 1776 (2015),18915,10,4.787491742782046,1.8
BetaBotz,1470146404,BetaBotz (2017),18691,10,4.0943445622221,2
Thrash-Car,1383051436,Thrash-Car (2014),18677,10,4.0943445622221,3.4
Buccaneer Bones,1380672302,Buccaneer Bones (2013),18602,8,2.70805020110221,1.0682
Ruckus: The Goblin Army Game,1386781265,Ruckus: The Goblin Army Game (2014),18505,8,2.995732273553991,2.2857
Game of Energy,1469545226,Game of Energy (2016),18353,14,4.0943445622221,2
Prospectus,1444836972,Prospectus (2016),18317,8,5.19295685089021,2.5
Eggs and Empires,1397491239,Eggs and Empires (2014),18298,8,3.2188758248682006,1.3
Island Siege,1359824539,Island Siege (2013),18294,13,3.8066624897703196,1.9167
Creature College,1443045587,Creature College (2016),18151.5557021578,8,3.8066624897703196,2.1667
Horrible Hex,1421247645,Horrible Hex (2015),18088,12,3.4011973816621555,1
Virgin Seas,1441756853,Virgin Seas (2016),18083,8,3.6888794541139363,2
The Card Game of Oz,1360900169,The Card Game of Oz (2014),18011,14,2.995732273553991,1.3333
Pests!,1487687401,Pests! (2017),18003,10,4.31748811353631,2
Road To Infamy,1443733215,Road To Infamy (2016),18e3,12,3.8066624897703196,2
Gang Up!,1420668642,Gang Up! (2015),17986.35907484,10,3.4011973816621555,1.5
Retreat to Darkmoor,1457445393,Retreat to Darkmoor (2016),17905.6,14,3.8066624897703196,1.6667
Winds of Fortune,1438439693,Winds of Fortune (2015),17861,10,4.0943445622221,2
Spells of Doom,1404237668,Spells of Doom (2014),17795,12,4.0943445622221,3.1667
Bright Future,1416684841,Bright Future (2015),17771.84582346,12,4.787491742782046,2.9167
Argo,1454603212,Argo (2016),17729.6664132744,9,4.499809670330265,3
Buy The Rights,1447077926,Buy The Rights (2016),17550,14,4.0943445622221,2
BoardGameGeek: The Card Game,1418313664,BoardGameGeek: The Card Game (2015),17525,8,2.995732273553991,1.2222
Avalanche at Yeti Mountain,1441116054,Avalanche at Yeti Mountain (2016),17510,8,3.4011973816621555,1.25
Morocco,1444050114,Morocco (2016),17429,12,3.8066624897703196,2.5
Spearpoint 1943: Eastern Front,1386354969,Spearpoint 1943: Eastern Front (2015),17415,13,3.4011973816621555,1.3333
Barnyard Roundup,1468594687,Barnyard Roundup (2016),17380.52,6,2.995732273553991,2
Legacy: Gears of Time,1328492202,Legacy: Gears of Time (2012),17363.01,13,4.0943445622221,2.8077
Wilderness Empires,1414980098,Wilderness Empires (2015),17302,8,4.499809670330265,1.9091
New York 1776,1397323482,New York 1776 (2014),17175,13,4.787491742782046,2.3
Mr. Game!,1425913279,Mr. Game! (2015),17171,12,4.0943445622221,1
Monarch,1423510534,Monarch (2015),17160,12,3.912023005428146,1.8182
Templar Intrigue,1384213272,Templar Intrigue (2014),17157.71,13,3.4011973816621555,1.375
Renaissance Wars,1424272968,Renaissance Wars (2015),17089,12,4.499809670330265,3
Peptide: A Protein Building Game,1413387106,Peptide: A Protein Building Game (2014),16951,10,3.6888794541139363,1.8
Exile Sun,1327119787,Exile Sun (2012),16934.11,14,5.19295685089021,3
Twin Tin Bots,1365616944,Twin Tin Bots (2013),16865,10,3.912023005428146,2.3939
Shuffle Heroes,1438000138,Shuffle Heroes (2015),16834.21832096,10,3.4011973816621555,2.0909
Divorce! The Game,1409234424,Divorce! The Game (2015),16812.56,17,2.995732273553991,1.3333
Puerto Diablo,1411063185,Puerto Diablo (2015),16799.58130176,10,4.787491742782046,2
Nightmare Forest: Dead Run,1453962325,Nightmare Forest: Dead Run (2016),16762,8,3.6888794541139363,1.6667
Steam Court,1456328952,Steam Court (2015),16640.05,13,4.499809670330265,1.5
Ortus,1379696550,Ortus (2013),16522,12,3.4011973816621555,3
Terrene Odyssey,1404748489,Terrene Odyssey (2015),16511,12,2.995732273553991,2.3333
Cauldron Master,1488369691,Cauldron Master (2017),16482.254135136,8,3.4011973816621555,2
Intervention,1415633966,Intervention (2014),16465.99,18,3.4011973816621555,1
London Markets,1434125181,London Markets (2016),16459,10,4.0943445622221,2.3333
Black Market Warehouse,1399554248,Black Market Warehouse (2014),16446.42,8,3.4011973816621555,1.125
Stay Away!,1396368017,Stay Away! (2014),16440,12,4.0943445622221,1.2222
Top This! A Pizza Flicking Game,1338938574,Top This! A Pizza Flicking Game (2014),16431,6,3.4011973816621555,1
Coldwater Crown,1468846833,Coldwater Crown (2017),16398,13,4.499809670330265,2.2857
Evil Genius: Deathray,1434662148,Evil Genius: Deathray (2015),16290,8,4.0943445622221,1.3529
The Institute for Magical Arts,1407180783,The Institute for Magical Arts (2015),16281,8,3.4011973816621555,1.8235
Clockwork Kingdom,1411999176,Clockwork Kingdom (2015),16143.01,12,4.0943445622221,2.5
Cartoona,1329497997,Cartoona (2012),16107.19,3,3.4011973816621555,1.5455
Shadow Throne,1401719534,Shadow Throne (2014),16066,14,3.4011973816621555,1.8182
Impact City Roller Derby,1337699969,Impact City Roller Derby (2012),16062,12,4.787491742782046,2.4
Fell,1441385326,Fell (2016),16062,13,5.480638923341991,4
Cubist,1378488608,Cubist (2014),16007,7,3.8066624897703196,1.9677
Scoundrel Society,1434369674,Scoundrel Society (2015),15913,14,3.8066624897703196,1.75
Garden Dice,1333452634,Garden Dice (2012),15897,13,4.0943445622221,2.1077
Stipulations,1422543736,Stipulations (2015),15882,13,3.8066624897703196,1
Hangtown,1418369842,Hangtown (2015),15846,13,4.499809670330265,3.625
Sea Kings,1411089775,Sea Kings (2015),15755.99,10,3.8066624897703196,1
Expedite,1332552126,Expedite (2012),15750,14,3.4011973816621555,1.8571
NanoBot Battle Arena,1373990859,NanoBot Battle Arena (2014),15681.05,14,3.4011973816621555,1.8
Charms: A Game of Insight,1482759896,Charms: A Game of Insight (2017),15673,12,4.499809670330265,1
Glamazons vs The Curse of the Chainmail Bikini,1381161619,Glamazons vs The Curse of the Chainmail Bikini (2014),15574,13,3.4011973816621555,1
Let Them Eat Shrimp!,1392418523,Let Them Eat Shrimp! (2014),15552.94,8,2.995732273553991,1.5
Larceny,1377698710,Larceny (2013),15552,12,1.6094379124341003,1.25
Star Patrol: Carrier Commander,1441422143,Star Patrol: Carrier Commander (2015),15415.1,9,3.4011973816621555,1.3636
CLEVER,1385258514,CLEVER (2014),15403,6,2.70805020110221,1
Siege Warfare,1417213605,Siege Warfare (2015),15269,12,3.6888794541139363,3
We Have Goats!,1432616489,We Have Goats! (2015),15253,10,3.6888794541139363,2.3333
Hitman Holiday,1423584111,Hitman Holiday (2015),15230.8094729472,12,4.0943445622221,2.75
The Red Dragon's Lair,1394198248,The Red Dragon's Lair (2014),15208,9,4.787491742782046,1.6
Wrong Chemistry,1335877703,Wrong Chemistry (2012),15195,8,3.4011973816621555,1.5714
JammerUp: The Roller Derby Board Game,1328041123,JammerUp: The Roller Derby Board Game (2012),15141.45,8,4.0943445622221,2
Fealty,1311870124,Fealty (2011),15137.77,12,3.4011973816621555,2.4595
Tavern Fame,1434668905,Tavern Fame (2015),15132.41433834,10,3.4011973816621555,1
Scenarium,1405453587,Scenarium (2014),15121.99,13,3.4011973816621555,3
Empires of Zidal,1361570075,Empires of Zidal (2013),15119,12,4.0943445622221,3
Evil Spares None,1345435772,Evil Spares None (2012),15102.09,17,4.499809670330265,2
Warband: Against the Darkness,1407769272,Warband: Against the Darkness (2015),15060,10,4.0943445622221,2.7059
Feed the Shoggoth!,1402894626,Feed the Shoggoth! (2015),15058,14,4.0943445622221,2
Livestock Uprising,1389717907,Livestock Uprising (2014),15049,14,4.499809670330265,2.5385
Alienation,1451746123,Alienation (2016),15039,8,3.4011973816621555,1.1667
Dungeon Scroll,1392316821,Dungeon Scroll (2016),15035,10,3.4011973816621555,1.8
Escape the Nightmare,1445961574,Escape the Nightmare (2016),15000.927434817,12,2.70805020110221,2
One Night Ultimate Werewolf,1383641714,One Night Ultimate Werewolf (2014),14962,8,2.302585092994046,1.407
Magnum Opus,1374847534,Magnum Opus (2014),14930.01,12,4.0943445622221,2.5833
Codename: Oracle,1376496457,Codename: Oracle (2014),14930,13,3.4011973816621555,2
Flag Dash,1456844307,Flag Dash (2016),14901.52,10,3.6888794541139363,2.4
Colossal Cave: The Board Game,1334386830,Colossal Cave: The Board Game (2013),14815,12,4.0943445622221,1.6667
Wordwright,1448111547,Wordwright (2016),14794,8,4.0943445622221,1.25
Desert Island,1414432812,Desert Island (2015),14692,8,4.0943445622221,2
Jetpack Unicorn,1372876115,Jetpack Unicorn (2013),14634,12,2.70805020110221,1
Genegrafter,1321896056,Genegrafter (2012),14617.87,13,2.302585092994046,1.5
"I, Spy",1407228820,"I, Spy (2015)",14606,13,4.499809670330265,3.0455
Legends of the American Frontier,1376270819,Legends of the American Frontier (2016),14605.72,13,4.499809670330265,2.4286
Marauders,1348779468,Marauders (2012),14506,10,4.0943445622221,2.2857
Divided Republic,1314169012,Divided Republic (2012),14447.07,16,5.19295685089021,2.7391
Dino Dude Ranch,1432029878,Dino Dude Ranch (2016),14429,8,3.6888794541139363,1.5455
Nika,1390333577,Nika (2014),14401,8,3.4011973816621555,2.2
Yokai Battle,1455217189,Yokai Battle (2016),14373.87201822,14,3.4011973816621555,1
Pint Craft,1349832917,Pint Craft (2012),14357,21,4.0943445622221,1.8571
Dungeon Attack!,1374812663,Dungeon Attack! (2013),14336,10,2.70805020110221,1.5
Mutant Meeples,1319580567,Mutant Meeples (2012),14329,8,3.8066624897703196,2.4884
Rome: Rise to Power,1442328797,Rome: Rise to Power (2015),14327,13,4.0943445622221,2.2222
Deck of Thieves,1360921301,Deck of Thieves (2013),14320,13,3.8066624897703196,2.125
"Mage Tower, A Tower Defense Card Game",1342182255,"Mage Tower, A Tower Defense Card Game (2013)",14300.55,13,3.4011973816621555,2.8
Area 1851,1394726413,Area 1851 (2015),14184.53,14,4.0943445622221,2.2857
Birds of a Feather,1425997001,Birds of a Feather (2015),14104,9,2.70805020110221,1.2727
Xenon Profiteer,1430422724,Xenon Profiteer (2015),13845,10,3.4011973816621555,2.1765
Rock Paper Scissors Lizard Spock Dice,1337986785,Rock Paper Scissors Lizard Spock Dice (2012),13815.34,6,0,1.2
Great Scott!,1460548833,Great Scott! (2016),13650.46333338,11,3.8066624897703196,1
GEM,1441110818,GEM (2015),13647,10,2.70805020110221,2.1429
GemPacked Cards,1441110818,GemPacked Cards (2015),13647,6,2.995732273553991,1.375
Outsider,1438095283,Outsider (2015),13641,12,4.499809670330265,2
Pick the Lock,1446914836,Pick the Lock (2016),13566,6,3.4011973816621555,1.2
Zoneplex,1327311585,Zoneplex (2012),13459.65,13,4.0943445622221,2.5
Jewels,1448311234,Jewels (2016),13443.61261595,8,4.0943445622221,2.25
Dragon Caster,1370101176,Dragon Caster (2014),13441,12,3.4011973816621555,2
Super PACS,1453326184,Super PACS (2016),13434,14,4.0943445622221,1.5
Exposed,1461079816,Exposed (2016),13426.52,12,3.8066624897703196,1.6667
Rushi,1460654680,Rushi (2016),13379,6,4.0943445622221,1
Ghosts Love Candy,1401713829,Ghosts Love Candy (2016),13348,8,3.8066624897703196,2
RobotLab: The Card Game,1484119358,RobotLab: The Card Game (2017),13321.14,6,3.6888794541139363,1
Warparty,1317651294,Warparty (2013),13260,14,5.0106352940962555,2.7619
ApocalypZe Card Game,1367208116,ApocalypZe Card Game (2014),13245,13,3.8066624897703196,2
The Princess Bride: Prepare to Die,1368539232,The Princess Bride: Prepare to Die (2013),13243,8,2.70805020110221,1
Dumpster Brawl!,1414477234,Dumpster Brawl! (2015),13237,6,3.4011973816621555,2.2
Neolithic,1455643483,Neolithic (2016),13225,8,3.8066624897703196,2
Addictive Alchemy,1425445255,Addictive Alchemy (2015),13191,12,3.8066624897703196,2.2222
ManaSurge,1445961674,ManaSurge (2016),13160,14,3.8066624897703196,2
FrankenDie,1322079816,FrankenDie (2012),13127.3,6,2.70805020110221,1.3333
Convert,1371070819,Convert (2014),13118.12,6,2.302585092994046,1.8333
Private Die,1441720721,Private Die (2016),13001,10,2.70805020110221,1.3333
Braiiiins!,1424101415,Braiiiins! (2015),12984,8,3.4011973816621555,1
Mob Ties: The Board Game,1287499518,Mob Ties: The Board Game (2011),12960,13,4.499809670330265,3
BUS,1360957273,BUS (2015),12780.68,8,2.995732273553991,1.4667
Dungeon Heroes,1357668271,Dungeon Heroes (2013),12750,13,3.4011973816621555,1.95
The Last Spike,1431316398,The Last Spike (2015),12714,10,4.0943445622221,1.8333
Latice,1441230642,Latice (2015),12663,6,3.4011973816621555,1.5
Hordes of Grimoor,1439393428,Hordes of Grimoor (2015),12644,10,3.4011973816621555,2.125
Automania,1430382733,Automania (2015),12615.927156,12,4.499809670330265,2.7458
Cadaver,1448269539,Cadaver (2016),12610.3653681,10,3.4011973816621555,1.3333
Seven7s,1425309798,Seven7s (2015),12581,7,3.4011973816621555,1.4
Sandwich Masters,1442304020,Sandwich Masters (2016),12560.6014659,8,3.4011973816621555,1.5
Frankenstein's Bodies,1398506973,Frankenstein's Bodies (2014),12549.72413055,10,4.0943445622221,2.2
Xenofaction,1389034048,Xenofaction (2014),12527,12,5.19295685089021,3.5
Res Publica: 2230AD,1438286276,Res Publica: 2230AD (2015),12422,10,4.0943445622221,2
DragonStone Mine!,1466085901,DragonStone Mine! (2016),12405,5,3.4011973816621555,2
Hogger Logger,1407855846,Hogger Logger (2015),12279.05,7,2.995732273553991,1.3333
Goblins vs Zombies,1378216898,Goblins vs Zombies (2013),12212,7,2.70805020110221,2
Triassic Terror,1361399375,Triassic Terror (2013),12171,14,4.787491742782046,2.7843
Legends of Draxia,1438044246,Legends of Draxia (2015),12083,12,4.0943445622221,2
Gadgeteers,1471345205,Gadgeteers (2017),12083,8,3.4011973816621555,2.3333
Galaxy Command,1430783664,Galaxy Command (2015),12058,10,3.8066624897703196,1.5
Seven Sisters,1328286137,Seven Sisters (2012),12000.1,12,4.0943445622221,2.4118
Police Precinct,1327767423,Police Precinct (2013),11992,13,4.499809670330265,2.55
Civicus Dice Game,1433601340,Civicus Dice Game (2015),11923,13,3.8066624897703196,1
"Bigfootses, The Card Game",1385404366,"Bigfootses, The Card Game (2014)",11726,12,3.8066624897703196,2
POOP: The Game,1392048021,POOP: The Game (2014),11696,5,2.70805020110221,1.1429
Give It To The King!,1377172382,Give It To The King! (2013),11666.25,8,3.4011973816621555,1
Clusterfight,1384878912,Clusterfight (2014),11612.13,8,3.2188758248682006,1
Fox & Chicken,1364911174,Fox & Chicken (2013),11589.8876260583,8,2.995732273553991,1.6667
Space Base Mutiny,1470484022,Space Base Mutiny (2016),11538,10,2.70805020110221,1
Wands,1384779391,Wands (2014),11450,7,2.302585092994046,1
Query,1389784403,Query (2014),11409.5371176,14,3.8066624897703196,1.5
Thwarted! A Game of Super-Villainy,1468296075,Thwarted! A Game of Super-Villainy (2016),11378.52,13,4.0943445622221,1
Gunrunners,1359159724,Gunrunners (2013),11348.77,10,3.4011973816621555,1.1818
Pleasant Dreams,1395154806,Pleasant Dreams (2015),11327,13,2.302585092994046,1.125
Symetra,1401800247,Symetra (2014),11273.702990044,13,4.0943445622221,3.3333
Kill the Overlord,1338682838,Kill the Overlord (2012),11188,13,3.8066624897703196,1.3913
ESSEN,1401935723,ESSEN (2014),11068,12,3.8066624897703196,2.5
Perspective,1438781824,Perspective (2016),11011,11,2.70805020110221,1.8333
Help Wanted,1374361217,Help Wanted (2013),11e3,17,3.8066624897703196,1
StelCon: Infinity,1330959905,StelCon: Infinity (2013),10951,13,4.787491742782046,2.3333
Imperial Skies,1448191893,Imperial Skies (2016),10948.4282867,12,4.787491742782046,2
Barrage Battle,1464208042,Barrage Battle (2016),10946,10,4.499809670330265,2
Bad Decisions,1425686479,Bad Decisions (2015),10938,13,2.995732273553991,1
Bureaunauts,1470207835,Bureaunauts (2017),10921,14,4.0943445622221,3
Wongamania: Banana Economy,1447936810,Wongamania: Banana Economy (2016),10792.4695047,14,4.0943445622221,1.5
Raiding Parties,1340658528,Raiding Parties (2012),10779.01,10,3.4011973816621555,1.6667
Don't Die!,1446243219,Don't Die! (2015),10760,10,3.4011973816621555,1
World Conquerors,1317262989,World Conquerors (2012),10758,10,4.0943445622221,2
tsunami!,1369848633,tsunami! (2014),10721,10,3.8066624897703196,2
Tunhell,1434308916,Tunhell (2015),10707.42936384,8,3.6888794541139363,1.5833
Little Dungeon: Turtle Rock,1395868127,Little Dungeon: Turtle Rock (2014),10706,5,2.70805020110221,1
Moriarty's Machinations,1409925794,Moriarty's Machinations (2014),10684,13,3.4011973816621555,2.3333
If I'm Going Down...,1317445238,If I'm Going Down... (2012),10640.77,15,3.4011973816621555,1.4286
SiXeS,1464648522,SiXeS (2016),10599.5,12,3.8066624897703196,1
Colonialism,1366060156,Colonialism (2013),10579,12,4.499809670330265,2.8889
Wolf & Hound,1444143923,Wolf & Hound (2016),10506,10,2.995732273553991,1.5
Space Junk,1388241407,Space Junk (2014),10502.6708017,8,4.0943445622221,1.5
Elementos,1444909641,Elementos (2015),10455.4,7,2.70805020110221,2
Heat,1400860791,Heat (2015),10449,13,3.4011973816621555,1.5714
Off Your Rocker,1333739269,Off Your Rocker (2012),10415.3,12,3.8066624897703196,1.1429
Neptune,1375833700,Neptune (2013),10411,8,2.995732273553991,1.5
Neptun,1375833700,Neptun (2014),10411,8,3.8066624897703196,2.5789
Monkey Butt,1463679237,Monkey Butt (2016),10391.1868984686,8,3.4011973816621555,2
Conspiracy!,1453820416,Conspiracy! (2016),10322.81,13,3.8066624897703196,2
Santa VS Jesus,1465287478,Santa VS Jesus (2016),10285.353213425,12,4.499809670330265,1
RuneCast,1423065427,RuneCast (2015),10244,7,4.499809670330265,2
Achaia,1432138507,Achaia (2015),10222,14,4.499809670330265,3.1538
Cosmic Kaboom,1463497393,Cosmic Kaboom (2016),10175,12,3.4011973816621555,1
Realm of Heroes,1401196758,Realm of Heroes (2015),10061,8,3.8066624897703196,1
Conquest Tactics,1324559973,Conquest Tactics (2011),10034,13,4.0943445622221,2.7143
Mageling,1484076776,Mageling (2017),10029,12,4.499809670330265,3
Loud About,1416649956,Loud About (2014),10024.33355115,8,2.70805020110221,1
Kingdom of Solomon,1306526875,Kingdom of Solomon (2012),10020,12,4.0943445622221,2.7586
Worker Placement,1394122905,Worker Placement (2014),10014,10,3.8066624897703196,2.25
A Fistful of Dinero,1403550580,A Fistful of Dinero (2015),10009.18,10,3.4011973816621555,2
27th Passenger: A Hunt On Rails,1405520203,27th Passenger: A Hunt On Rails (2014),9954,10,3.8066624897703196,2
Quadrum,1476734263,Quadrum (2017),9919.712754,6,2.302585092994046,1.5
Bomarzo,1435242914,Bomarzo (2015),9847.48640325,12,4.0943445622221,2.9231
BattleGoats,1461165349,BattleGoats (2016),9737,9,3.4011973816621555,1
Dark Horse,1304797749,Dark Horse (2012),9696.03,10,4.499809670330265,2.6667
King's Kilt,1419643470,King's Kilt (2015),9693,8,3.8066624897703196,1.7143
Looting Atlantis,1442937694,Looting Atlantis (2016),9636,10,3.4011973816621555,2.5
We Didn't Playtest This: Legacies,1333252462,We Didn't Playtest This: Legacies (2012),9522.21,12,0.6931471805599453,1
JurassAttack!,1436533238,JurassAttack! (2015),9519,8,2.70805020110221,1.1111
RONE,1447959596,RONE (2016),9473,14,3.8066624897703196,2.6667
Ghost Pirates,1320426506,Ghost Pirates (2012),9472.63,13,3.4011973816621555,1.5
Inevitable,1267729972,Inevitable (2010),9435,15,5.19295685089021,3.25
Frontier Skies,1372713445,Frontier Skies (2014),9372.01,14,3.8066624897703196,3
CatTube Famous,1438646428,CatTube Famous (2015),9345.68512364,10,3.4011973816621555,1
Package!?,1478779223,Package!? (2017),9309.3486216,8,2.302585092994046,2
Jackpot!,1354618775,Jackpot! (2013),9273.659422167,13,4.0943445622221,2.6667
Devils & Black Sheep,1459530313,Devils & Black Sheep (2016),9228,8,3.8066624897703196,1.25
1955: The War of Espionage,1289796470,1955: The War of Espionage (2011),9202,13,3.8066624897703196,2.1515
The Princess and the Goblin,1464005372,The Princess and the Goblin (2016),9199,7,2.995732273553991,2
We Didn't Playtest This Pasted-On Theme at All!,1378400522,We Didn't Playtest This Pasted-On Theme at All! (2014),9151,13,0.6931471805599453,1
Main Event: A Card Game Battle Royale,1427201489,Main Event: A Card Game Battle Royale (2015),9130,14,4.0943445622221,1.75
Cheesonomics,1393693237,Cheesonomics (2014),9125,8,2.995732273553991,1.5
The Foreign King,1430320902,The Foreign King (2015),9125,12,4.0943445622221,2.1818
Mow Money,1436386059,Mow Money (2016),9091,10,4.0943445622221,1.7143
Parkies,1433977212,Parkies (2015),9083,12,4.0943445622221,2.6667
Warring Kingdom,1394769621,Warring Kingdom (2014),9073.88,13,3.8066624897703196,3
Alchemist Academy,1375794015,Alchemist Academy (2013),9058.1,10,3.4011973816621555,1.5
Fast & Furious: Full Throttle,1430317359,Fast & Furious: Full Throttle (2015),8958,10,3.4011973816621555,2
Influence,1360525914,Influence (2013),8956,12,2.995732273553991,1
The Gentlemen of the South Sandwiche Islands,1258360177,The Gentlemen of the South Sandwiche Islands (2010),8936.5,9,4.0943445622221,2.5
Sultan's Library,1433246163,Sultan's Library (2016),8720.17189792,10,4.0943445622221,2
The Manhattan Project,1310537084,The Manhattan Project (2012),8683.77,13,4.787491742782046,2.9677
Karesansui,1362706858,Karesansui (2013),8664,10,4.0943445622221,2.1765
Super Showdown,1316310936,Super Showdown (2012),8624,12,2.302585092994046,1.9167
Shenanigans: The Musical,1460386846,Shenanigans: The Musical (2016),8541.85323994,12,2.302585092994046,1
You're Fired!,1447767094,You're Fired! (2015),8500,12,2.995732273553991,1.3333
Evolve! The Game of Unnatural Selection,1395247125,Evolve! The Game of Unnatural Selection (2014),8451,10,3.912023005428146,2
Legends of Adventure,1335473276,Legends of Adventure (2014),8441,9,4.0943445622221,1.5
Beardsmith,1453303259,Beardsmith (2015),8410,8,3.2188758248682006,1.5
Flocks & Flyways,1408629196,Flocks & Flyways (2015),8352,10,3.4011973816621555,1
The Great Snowball Battle,1382559956,The Great Snowball Battle (2014),8327.65,8,2.70805020110221,1.5
Terra Evolution,1322913051,Terra Evolution (2011),8316,10,3.8066624897703196,2.0476
Ember: the Magical Card Game,1458129737,Ember: the Magical Card Game (2016),8245.719757075,12,3.4011973816621555,1.4
Super Tooth,1396706429,Super Tooth (2014),8210,6,2.70805020110221,1.1667
Dig a Dino,1472756168,Dig a Dino (2017),8153.63060377,7,3.4011973816621555,2
Dungeon Dwellers,1395247232,Dungeon Dwellers (2014),8140,13,4.0943445622221,2.7143
Creepiest Pet Shop,1445529210,Creepiest Pet Shop (2015),8117,8,3.4011973816621555,1
Bigfoot,1391720935,Bigfoot (2014),8087.85,12,2.70805020110221,1.8333
"Sun, Moon, & Stars",1439906550,"Sun, Moon, & Stars (2016)",8072.08,8,2.70805020110221,1.125
Cunning Folk,1431520566,Cunning Folk (2015),8065,8,2.302585092994046,1
Pizza Theory,1320085797,Pizza Theory (2012),8042.35,6,2.70805020110221,1.6
Canopy Walk,1405107217,Canopy Walk (2014),8035.63628288,14,3.4011973816621555,1.6667
The Orcfather,1409582249,The Orcfather (2014),8030,10,2.995732273553991,2
Ultimate Dinosaur Fighting,1451662983,Ultimate Dinosaur Fighting (2016),8024.01,13,4.0943445622221,2
Clash d'Ardèche,1479132952,Clash d'Ardèche (2017),8023.885799056,12,4.31748811353631,3
Imperial Crusade Armada,1316220420,Imperial Crusade Armada (2011),8016,9,4.0943445622221,3
The Lord of the P.I.G.S.,1416947720,The Lord of the P.I.G.S. (2014),7952.41703244,16,3.4011973816621555,2
Shadow Agents,1454094055,Shadow Agents (2016),7938.5,12,3.4011973816621555,1.25
Virus the Card Game,1404447483,Virus the Card Game (2014),7908.01,12,2.70805020110221,1
Katalyka,1309823052,Katalyka (2014),7840,11,4.0943445622221,5
DIG: the Card Game,1315018959,DIG: the Card Game (2011),7817.77,8,3.8066624897703196,1.5
Time Jockeys,1438096078,Time Jockeys (2016),7798,12,3.2188758248682006,1.75
The Game of 49,1401890363,The Game of 49 (2014),7778.49,10,3.8066624897703196,1.8095
Deadball,1490029546,Deadball (2017),7748,8,3.4011973816621555,1.75
Oppai Go,1463497938,Oppai Go (2016),7718.234085008387,16,3.4011973816621555,1.6667
Pack the Pack,1407178892,Pack the Pack (2014),7651,8,1.6094379124341003,2
Sovereignty of Dust,1406655023,Sovereignty of Dust (2015),7646,14,2.70805020110221,2
Shoot Your Friends,1409691058,Shoot Your Friends (2015),7607,13,3.2188758248682006,1
Oilfield,1464684567,Oilfield (2016),7584.891524,12,4.0943445622221,3
Scotland Rising,1402440390,Scotland Rising (2014),7503,9,4.499809670330265,1.5714
Capo Dei Capi,1378640329,Capo Dei Capi (2013),7458,8,2.995732273553991,1.5714
Oh My Gods!,1424797334,Oh My Gods! (2016),7432,8,2.70805020110221,2
Luck O' The Dice,1403049642,Luck O' The Dice (2015),7361,7,3.8066624897703196,2.5
SOS Titanic,1384878560,SOS Titanic (2013),7351,8,3.4011973816621555,1.6429
Skittykitts,1326680292,Skittykitts (2012),7335.17,13,2.302585092994046,1
Funemployed!,1374595234,Funemployed! (2014),7263,13,3.4011973816621555,1.1739
Water Balloon Washout,1373299187,Water Balloon Washout (2013),7259,8,2.995732273553991,1.4
3D Pawn,1470151508,3D Pawn (2016),7257.25759344,7,3.4011973816621555,2
Fate Of Akalon: Tribes,1456261338,Fate Of Akalon: Tribes (2016),7127,13,3.8066624897703196,2
Serpent Stones,1341972285,Serpent Stones (2013),7101,8,3.4011973816621555,1.5556
Halfling Feast,1443470198,Halfling Feast (2015),7099.56238689,10,3.912023005428146,1
Paranormal Investigation,1397857373,Paranormal Investigation (2014),7079,12,2.302585092994046,1
Witch Slapped!,1476712826,Witch Slapped! (2017),7066,9,3.4011973816621555,1
PLAGUE: The Card Game,1344548757,PLAGUE: The Card Game (2012),7053,12,2.995732273553991,1.8889
Roll Saga Baseball,1436398514,Roll Saga Baseball (2015),7043,10,5.19295685089021,2
Magecraft,1443699989,Magecraft (2016),7012,8,4.0943445622221,1.8889
Monsters Party: Voodoo Madness,1461681070,Monsters Party: Voodoo Madness (2016),7001.52,8,3.8066624897703196,1.5
Battle of Durak,1436803270,Battle of Durak (2016),6970,8,2.70805020110221,1
The Offensive Band Name Generator,1384270171,The Offensive Band Name Generator (2014),6954,17,3.4011973816621555,1
ERA,1365184321,ERA (2017),6953,9,3.4011973816621555,2
White Elephant,1308350134,White Elephant (2011),6917.33,8,2.70805020110221,1
Heist,1407937784,Heist (2014),6768,9,1.0986122886681098,1.3333
Saga of the Northmen,1474299694,Saga of the Northmen (2016),6709.57,12,3.6888794541139363,3
Teratozoic,1405926251,Teratozoic (2014),6511.99,13,4.0943445622221,1.8889
Sanitarium,1320686002,Sanitarium (2012),6506.33,14,3.4011973816621555,2
Di Renjie,1329885664,Di Renjie (2012),6471,10,3.4011973816621555,1.7273
TRIUMPH: A card-arranging strategy game,1457450176,TRIUMPH: A card-arranging strategy game (2016),6400,10,3.2188758248682006,1.75
Florenza: The Card Game,1389899568,Florenza: The Card Game (2013),6368,14,4.0943445622221,2.5833
In Security,1398723900,In Security (2014),6353.2758270079,8,2.995732273553991,1.1429
Emperor's New Clothes,1362430456,Emperor's New Clothes (2014),6330.56,12,2.70805020110221,2.3333
Trifecta,1360071799,Trifecta (2013),6312,8,2.995732273553991,1
Barking Up The Wrong Tree,1432640708,Barking Up The Wrong Tree (2015),6267.739257,14,3.4011973816621555,1.3333
Flippin' Fruit,1389428790,Flippin' Fruit (2014),6266.82880759,8,2.70805020110221,1.5
BEEP. BEEP. ATTACK!,1423182613,BEEP. BEEP. ATTACK! (2015),6167,8,2.70805020110221,1
The Pirate Deck,1407967310,The Pirate Deck (2014),6116,6,2.302585092994046,1
Tontine,1357856031,Tontine (2013),6107.51,12,2.995732273553991,1.5
Dead Man's Chest,1428685205,Dead Man's Chest (2015),6040,8,3.4011973816621555,1.25
Raiders of the Lost Tomb,1395028858,Raiders of the Lost Tomb (2014),6020.72,13,2.302585092994046,1
Lexicons of Dueling,1330148031,Lexicons of Dueling (2012),5939,10,2.70805020110221,1.25
Micro Play-Break: Castles,1406390010,Micro Play-Break: Castles (2014),5917,6,1.6094379124341003,1
El Luchador Fantastico Grande,1424826739,El Luchador Fantastico Grande (2015),5910.42939495,13,3.8066624897703196,1
Good Cop Bad Cop,1396603333,Good Cop Bad Cop (2014),5864,12,2.995732273553991,1.2262
Krash Karts,1399843031,Krash Karts (2014),5846.6158848000005,8,3.4011973816621555,1.8333
Parenthood,1414438993,Parenthood (2015),5821,7,3.4011973816621555,2.6667
Where Art Thou Romeo?,1386276600,Where Art Thou Romeo? (2013),5723.42,13,2.70805020110221,1.1333
Lemonade Stand,1321645422,Lemonade Stand (2012),5721,13,2.995732273553991,1.5333
Guile,1370959264,Guile (2013),5642.59,13,2.995732273553991,1
Grim End Manor,1410162383,Grim End Manor (2014),5561.0705462,12,3.4011973816621555,1.5
Switching Tracks,1407267563,Switching Tracks (2015),5533,10,4.0943445622221,2.3636
Gangster Dice,1434470032,Gangster Dice (2015),5522,10,2.995732273553991,1.6
Castle Dash,1317240254,Castle Dash (2011),5520,8,3.4011973816621555,1.8333
Sweet Spot,1473264648,Sweet Spot (2017),5491.3486761,10,3.8066624897703196,1
Shogun Showdown,1401234960,Shogun Showdown (2014),5452,12,3.4011973816621555,1.5
Fluffy Bunny Tea Party,1315316140,Fluffy Bunny Tea Party (2011),5388.53,9,3.4011973816621555,1.3333
Otters,1391095817,Otters (2014),5321,6,2.302585092994046,1
"Mirror, Mirror",1307843593,"Mirror, Mirror (2011)",5261,8,3.4011973816621555,2
Psychological Warfare,1398968884,Psychological Warfare (2014),5226,12,3.4011973816621555,2.25
The Great Debate,1415080900,The Great Debate (2015),5226,12,3.4011973816621555,1.1667
Space Pioneers,1455210049,Space Pioneers (2016),5209.92155418,8,4.0943445622221,1.6667
DiceAFARI,1321286763,DiceAFARI (2012),5130.01,8,2.70805020110221,1.25
Crazier Eights,1401955540,Crazier Eights (2014),5099,10,2.302585092994046,1
Wrangled!,1377355122,Wrangled! (2013),5094,13,3.4011973816621555,2
Kamakura,1304642809,Kamakura (2011),5063.01,13,1.6094379124341003,1.3333
Pickpockets,1456839072,Pickpockets (2016),5049,8,3.4011973816621555,1
Masquerade,1355850739,Masquerade (2013),5e3,12,3.4011973816621555,2
Dexikon,1427385828,Dexikon (2015),4968,8,3.8066624897703196,2
Doomworks,1365524785,Doomworks (2013),4949,10,3.2188758248682006,1
Rise of the Zombies!,1338959025,Rise of the Zombies! (2013),4941,12,4.0943445622221,2
In a Bind,1406900742,In a Bind (2015),4930.48424094,13,2.995732273553991,1
Greedy Wizards,1381831840,Greedy Wizards (2013),4884.0888702043085,10,2.995732273553991,1
Fate of the Norns: Gulveig,1390658105,Fate of the Norns: Gulveig (2014),4845.02314149,6,3.4011973816621555,2
Ph. D. The Game,1389839255,Ph. D. The Game (2013),4803.01,12,3.4011973816621555,1.3333
Find It & Bind It,1424192392,Find It & Bind It (2015),4774,12,3.4011973816621555,1.4
Romans Go Home!,1365107530,Romans Go Home! (2013),4671.65,13,2.70805020110221,1.25
Cabaret,1437405700,Cabaret (2015),4602,5,3.4011973816621555,1.3333
Dump The Ump!,1469943684,Dump The Ump! (2014),4246,8,3.4011973816621555,1
Countdown: Special Ops,1389719147,Countdown: Special Ops (2013),4214.72,12,3.4011973816621555,2.5556
Alliances,1372882928,Alliances (2013),4197,8,3.8066624897703196,2.2
Admiral,1330797401,Admiral (2012),4061,6,4.0943445622221,3
Four,1443036785,Four (2016),4053.56,8,3.6888794541139363,2
Gnomes: The Great Sweeping of Ammowan,1350400071,Gnomes: The Great Sweeping of Ammowan (2012),4030,3,4.0943445622221,1
Chicago Shootout,1451672336,Chicago Shootout (2016),3985.1203396908,8,3.4011973816621555,1.5
Hunting Season,1454718917,Hunting Season (2015),3883,6,3.8066624897703196,1.5
Builders of Blankenburg,1468326236,Builders of Blankenburg (2016),3847,13,4.499809670330265,2.75
Creative Differences: The Video Game Development Card Game,1467702478,Creative Differences: The Video Game Development Card Game (2016),3726.17100025,8,3.4011973816621555,2
Button Bashers,1400877185,Button Bashers (2014),3468,12,3.4011973816621555,3
Succession!,1460464672,Succession! (2016),3357,8,2.302585092994046,1
Truths Too Terrible,1414505448,Truths Too Terrible (2015),3347,10,3.4011973816621555,2
Madstone Chronicles,1469475648,Madstone Chronicles (2016),3304,12,4.499809670330265,2
Ghost Hunter: Witches,1446119705,Ghost Hunter: Witches (2015),3278.2569939,12,2.995732273553991,1
Turin Market,1459945089,Turin Market (2016),3268.13,9,3.4011973816621555,1
Poison Bottles,1455376974,Poison Bottles (2016),3253,9,3.6888794541139363,1.5
Zoo Webs,1426697701,Zoo Webs (2015),3245,5,3.4011973816621555,1
Epic Picnic,1395001115,Epic Picnic (2014),3244,17,3.4011973816621555,1.6667
Hedron,1407895240,Hedron (2014),3215.19830392,12,4.0943445622221,2.75
Bulrup,1340145354,Bulrup (2012),3208.01,8,4.787491742782046,3.5
The Space Base Race,1424134944,The Space Base Race (2015),3147,10,4.0943445622221,1.5
Backstab: A Political and Strategic Live-action Card Game,1397604248,Backstab: A Political and Strategic Live-action Card Game (2014),3110.97760312,16,3.4011973816621555,2.5
Stealing Mona Lisa,1443622517,Stealing Mona Lisa (2016),3105,4,3.6888794541139363,1
"Mine, All Mine!",1415996809,"Mine, All Mine! (2014)",3082,8,2.302585092994046,1.3333
Matching Lions,1354742890,Matching Lions (2013),3030,3,2.995732273553991,1
Black Hat,1357741896,Black Hat (2015),3020.88462461,10,3.8066624897703196,2.25
Inventor's Market,1399598627,Inventor's Market (2014),2984,5,2.70805020110221,1.2
The Goods,1385079484,The Goods (2014),2963.243345,12,4.499809670330265,2
Venture Forth,1308330749,Venture Forth (2012),2913,12,4.0943445622221,2.3478
Legends and Lies,1413460039,Legends and Lies (2014),2879,12,3.4011973816621555,1.8333
Asphodel,1431618713,Asphodel (2015),2857,12,4.499809670330265,2
Shootin' Blanks,1425607289,Shootin' Blanks (2015),2777,16,3.4011973816621555,2
The Goose Egg Game,1390404855,The Goose Egg Game (2014),2676,8,2.70805020110221,1
Pigskin,1436565527,Pigskin (2015),2629,12,2.995732273553991,1.5
Wordariffic,1429642964,Wordariffic (2015),2609,6,3.4011973816621555,1.3333
Reclaim Oz,1420751828,Reclaim Oz (2015),2463,8,3.8066624897703196,1
Draw Blood,1383666205,Draw Blood (2013),2442,10,2.995732273553991,1
DuCo,1389198762,DuCo (2013),2390.26,7,2.995732273553991,1.6667
Alien Entity,1406923438,Alien Entity (2014),2384,13,2.302585092994046,2
Greatest of All Mountains,1442422347,Greatest of All Mountains (2016),2341,10,4.499809670330265,2.5
Tattletale,1383244137,Tattletale (2014),2339,10,2.70805020110221,1.5
Fire Ants!,1437408151,Fire Ants! (2015),2285,7,2.995732273553991,1
Airline the Card Game,1410883987,Airline the Card Game (2014),2213,12,2.70805020110221,1
Comrades and Patriots,1445517420,Comrades and Patriots (2015),2164,8,3.8066624897703196,1.25
Stac,1435676224,Stac (2015),2129,6,2.995732273553991,1.6667
Escape The Maze,1412507880,Escape The Maze (2014),2125.706480415,8,3.4011973816621555,1
Stowaway 52,1417443216,Stowaway 52 (2015),2071,8,3.8066624897703196,1
Troll Hunt,1395239390,Troll Hunt (2014),2053.1,8,3.8066624897703196,2
Tak,1455285605,Tak (2016),2048,12,4.0943445622221,2.4375
IronheadE: Punimals,1450115257,IronheadE: Punimals (2016),1999.49499376,8,2.995732273553991,2
Movable Type,1475668471,Movable Type (2016),1977.0372513,8,3.6888794541139363,2
Rough: The Card Game,1410793213,Rough: The Card Game (2014),1955,7,2.302585092994046,1.3333
Giant,1412184900,Giant (2015),1942,12,3.8066624897703196,1
Meow,1427931705,Meow (2015),1916,8,1.6094379124341003,1
Franchise King,1454829400,Franchise King (2016),1753,8,2.70805020110221,1
Dozen Doubloons,1410886871,Dozen Doubloons (2014),1692,8,1.6094379124341003,1
Missing Link,1412116971,Missing Link (2015),1671,9,3.4011973816621555,1.5
Race! Formula 90,1385057197,Race! Formula 90 (2013),1498,12,4.787491742782046,3.4302
Game Over,1417799310,Game Over (2014),1373,12,2.995732273553991,1.5
Mandrago,1470821852,Mandrago (2016),1325.7953618,6,3.4011973816621555,2
Monster Chef,1396782223,Monster Chef (2014),1066,10,3.4011973816621555,1.5
Covert Ops: Berlin,1434119966,Covert Ops: Berlin (2015),1031,10,4.0943445622221,2
Crime Lords of Knight City,1437431999,Crime Lords of Knight City (2015),1003,12,3.6888794541139363,1.6667
Zoodlums,1385402269,Zoodlums (2013),1e3,13,2.995732273553991,1.5
Merry Christmas! The Hand-Drafting Card Game,1416765005,Merry Christmas! The Hand-Drafting Card Game (2014),523,13,2.70805020110221,2
