term,nmodels,coef,freq
unlocked,100,0.8092409263061197,0.12188268352651914
processing__fee,100,-0.6038375721300279,0.004332045427935839
promo__card,100,0.4682119016278073,0.022128556375131718
kickstarter__page,100,-0.4409408472806693,0.021660227139679196
cooperative,100,0.4403171836393688,0.04507668891230535
chess,100,-0.3901149165873461,0.02575810794988877
tom,100,0.3779248152832675,0.040978808102095775
miniature__game,100,0.376058126032069,0.03032431799555087
backer,100,0.3591448123257006,0.522772509073879
randomly__select,100,-0.3418583096397796,0.0071420208406509774
love__game,100,0.33117514229714834,0.012761971666081255
table__top,100,-0.32196405719658355,0.05889240135815478
interview,100,0.31507232561119497,0.05854115443156539
play__continue,100,-0.3144812429052576,0.013932794754712563
rule__book,100,-0.31212655764812824,0.067439409905163325
gaming__table,100,0.3063961343517603,0.026460601803067557
game,100,-0.29886091670172843,0.8970846505093081
publisher,100,0.2983139148943066,0.09027046013347383
linen__finish,100,0.29789357010776313,0.0167427701674277
specifically__design,100,-0.29681400410942504,0.008547008547008548
rule__set,100,-0.2968092885927211,0.02985598876009835
professionally__print,100,0.279702974808179,0.008195761620419155
play,100,-0.27810717325027606,0.7769582016157358
role__play,100,-0.27793282135892305,0.040744643484369514
game__board,100,-0.2705387832993756,0.09214377707528393
add__5,100,0.269412063276273,0.03278304648167662
add__10,100,0.26304605468002684,0.03863716192483316
dungeon,100,0.25881144395675076,0.10853530031612224
card__2,100,-0.25492323148372176,0.017211099402880226
wooden,100,0.2543157208856949,0.07247394918627795
save__money,100,0.2542010148311191,0.008078679311556024
chris,100,0.25392949481185423,0.04812082894274675
previous,100,0.25175769064472125,0.12761971666081254
essen,100,0.24549651568363312,0.026460601803067557
stretch,100,0.24385847702948926,0.5382273738438123
meeple,100,0.24041782733734351,0.04343753658822152
kickstarter,100,0.23961256837815312,0.6573000819576162
pledge,100,0.23689477362640904,0.540686102329938
simply__add,100,0.23338922043777716,0.03582718651211802
science__fiction,100,0.23272682701320596,0.03758342114506498
click,100,0.23224098359674844,0.2085235920852359
roughly,100,-0.23211059734628192,0.03442219880576045
late,100,0.23143926989731703,0.12562931741013933
ultimate__goal,100,-0.23061039519388682,0.007376185458377239
prototype,100,-0.22777982716602577,0.18932209343168246
interior,100,0.22574878341353802,0.04917456972251493
custom__design,100,-0.21731468591005407,0.014284041681301955
fun,100,-0.21482532430440784,0.41927174803887135
boardgamegeek.com__boardgame,100,0.21156652716657812,0.010303243179955509
collection,100,0.21072404682112988,0.12949303360262265
playing__cards,100,-0.20570438176853553,0.015571947078796394
game__design,100,0.20181838802283758,0.10549116028568083
quick__start,100,-0.20155235688905473,0.012527807048354994
short,100,0.1972715498523747,0.17129141786676033
card__base,100,-0.19690706822817855,0.01838192249151153
kevin,100,0.19670413195133787,0.023650626390352418
budget,100,-0.19622096445557552,0.04823791125160988
interactive,100,-0.19438504854972596,0.03910549116028568
card__box,100,-0.19356574095768225,0.008664090855871678
aim,100,-0.19130910041292737,0.08172345158646528
trading__card,100,-0.19115227219612846,0.015454864769933263
classic,100,0.18916941409731597,0.12680014049877064
games,100,0.18811814394332643,0.333918744877649
geek,100,0.18765536288558313,0.091324200913242
award__win,100,0.18755987008389843,0.04437419505912656
2012,100,0.18633254282057055,0.04788666432502049
secret,100,0.18474384270026042,0.13078093900011709
free__shipping,100,-0.18419657054555078,0.05713616672520782
dice__1,100,-0.18418445767955818,0.009483667017913594
board__game,100,-0.18396792370734405,0.2914178667603325
german,100,0.18172234304721027,0.049877063575693714
extra,100,0.17995193099635068,0.32349841938883034
folk,100,0.17842389667329184,0.06825898606720525
survey,100,0.17808950668031914,0.1346446551926004
level__2,100,-0.17761231852176249,0.012293642430628733
series,100,0.177603851517929,0.14541622760800843
excellent,100,0.17625162867233682,0.07434726612808805
bgg,100,0.1759583757110556,0.04589626507434726
university,100,0.1736672098036245,0.03313429340826601
metal,100,0.1721131260566384,0.11766772040744644
review,100,0.17020663693135607,0.19529329118370214
5th,100,0.16960953397746517,0.03828591499824376
sculpt,100,0.16470341034086136,0.07739140615852945
kickstarter__project,100,0.16451729181155905,0.08792881395621122
22,100,0.1630110934933919,0.05830698981383913
2__player,100,0.16212833974695098,0.0273972602739726
rule,100,0.1618562943775116,0.505795574288725
matt,100,0.16117069762640834,0.0384029973071069
video__game,100,-0.1599931147950913,0.057487413651797215
equipment,100,-0.15941924371285346,0.08628966163212738
card__feature,100,0.15859644275676305,0.016040276314248918
amazing,100,0.15741188468074083,0.18311673106193654
basis,100,-0.15631714835226349,0.03149514108418218
bulk,100,-0.15527683834304054,0.04179838426413769
player__begin,100,-0.15507789780117703,0.012644889357218124
damage,100,-0.15450515728816974,0.08909963704484253
game__session,100,-0.15342664710002865,0.01627444093197518
market,100,-0.15304980634156412,0.11755063809858331
game__night,100,-0.15037918905497671,0.04191546657300082
fast,100,0.15033190917794753,0.21929516450064396
family,100,-0.14901999131560761,0.22034890528041212
ground,100,-0.14607563155828934,0.0749326776724037
game__card,100,-0.14575365768584775,0.027982671818288257
international,100,0.145641940791885,0.18229715489989462
pledge__manager,100,0.14350057174732614,0.04320337197049526
mobile,100,-0.14343173197032508,0.031143894157592788
idea,100,-0.14228454587426168,0.293642430628732
heavy,100,0.14138205364043124,0.08956796628029505
tabletop__rpg,100,-0.1410571622581636,0.034890528041212975
average,100,-0.1410235694582626,0.04367170120594778
final__game,100,-0.14049672595784826,0.0121765601217656
money,100,-0.13942062438369454,0.2635522772509074
pawn,100,-0.13775321286184972,0.03254888186395036
finalize,100,-0.13764466049782328,0.035475939585528624
game__box,100,-0.13728881911326846,0.050111228193419975
enjoy,100,-0.13716951755418536,0.2582835733520665
free,100,0.13553658340897817,0.42266713499590214
print__run,100,0.1348356410030897,0.059009483667017915
add,100,0.13430906410720408,0.6527338719119541
result,100,0.13064874871479779,0.15244116613979627
leader,100,-0.12950940570963265,0.06989813839128908
miss,100,0.12933483019582453,0.10303243179955508
deal,100,-0.1292402159842228,0.18077508488467392
publish,100,0.12783698273386948,0.15993443390703665
box__design,100,-0.12749945754730835,0.010303243179955509
add__ons,100,0.12690448437476748,0.10619365413885962
pledge__reward,100,-0.1259915660248694,0.02599227256761503
half,100,-0.1252670923079762,0.10092495024001873
reality,100,-0.12494959527979102,0.1361667252078211
manufacturing,100,-0.12437725134227999,0.0764547476876244
selection,100,0.12196288787093888,0.07727432384966632
move,100,-0.12190856639140465,0.26003980798501347
obtain,100,-0.12048428792434032,0.04203254888186395
army,100,-0.11943690567305305,0.09998829176911368
convention,100,0.11909140963741113,0.101159114857745
previously,100,0.11835519430855686,0.045545018147757875
measure,100,0.11808376824510101,0.05046247512000936
bundle,100,0.11724028193717928,0.04964289895796745
developer,100,-0.11700034990318643,0.059243648284744176
undead__viking,100,0.11651266119128043,0.03278304648167662
excited,100,0.11631658084769275,0.10174452640206065
tiny,100,0.11584690556240884,0.03301721109940288
eu,100,0.11584061046984247,0.10186160871092378
start,100,-0.11576059191696698,0.47933497248565743
happen,100,-0.11559859189469607,0.19599578503688092
pdf,100,0.11483720552103514,0.21543144830816063
quickly,100,0.11462555530155885,0.13862545369394685
deep,100,0.11409596448871173,0.1293759512937595
hard,100,0.11400749886882286,0.19412246809507083
28,100,0.11275113175809348,0.09905163329820864
sketch,100,0.11242587454989962,0.04765249970729423
perfect,100,0.11201843813397916,0.18393630722397847
dozen,100,0.11136278734645856,0.06252195293291184
adventure,100,0.11036307764559299,0.21484603676384498
board,100,-0.10935825178300014,0.42688209811497485
scale,100,0.10918611558656514,0.1400304414003044
stretch__goal,100,0.10910252467959107,0.4846036763844983
super,100,0.10883195413653395,0.1148577449947313
campaign,100,0.1075645985290191,0.4727783631893221
4__player,100,0.10750788800413588,0.0136986301369863
level,100,0.10710582609552648,0.5157475705420911
tabletop__gaming,100,0.10526055426062324,0.039690902704601336
john,100,0.10478815101767042,0.0547945205479452
earn,100,0.1046209501019015,0.09975412715138743
component,100,0.10432386687536334,0.1735159817351598
game__geek,100,0.10374258423034156,0.03301721109940288
challenge,100,0.10356103689450702,0.18885376419622996
funding,100,-0.10352813779932922,0.2675330757522538
bag,100,0.10247052290282763,0.0958904109589041
discuss,100,-0.10238427324352166,0.05116496897318815
11,100,0.10164794838991595,0.11918979042266714
game__include,100,-0.10149786644044738,0.061819459079733054
dungeon__crawl,100,0.10145901618693182,0.01779651094719588
designer,100,0.10114008997981216,0.2449361901416696
historical,100,0.10074821631940795,0.04133005502868516
race,100,-0.10054753846076397,0.1312492682355696
germany,100,0.10032644484664036,0.05093080435546189
gain,100,-0.09975234124520338,0.15384615384615385
17,100,0.09777308321543549,0.0654490106544901
boardgamegeek.com,100,0.09749603988516851,0.03371970495258166
play__video,100,0.0964858152166432,0.036998009600749324
expand,100,0.09598014906195465,0.17363306404402296
additional__cost,100,0.09501963057065008,0.0273972602739726
michael,100,0.09461230814964543,0.045779182765484136
battle,100,-0.0940770758842991,0.24072122702259688
beautiful,100,0.09363158840227606,0.13113218592670647
facebook__twitter,100,0.09345112288705441,0.02564102564102564
original__game,100,0.09175023458503608,0.023533544081489288
hundred,100,0.09103398879801831,0.08172345158646528
air,100,-0.0896464605356322,0.0532724505327245
add__15,100,0.08929797422025246,0.027748507200561996
friend,100,-0.08843616426378698,0.3864887015571947
kickstarter__fee,100,-0.08831154720832331,0.010888654724271163
minimum,100,-0.08761436403088543,0.08687507317644304
goal__4,100,0.08759262495798237,0.02119189790422667
play__testing,100,-0.08680430522256803,0.033836787261444796
company,100,-0.08650095114596469,0.23638918159466105
dice__roll,100,-0.08638838524849163,0.037700503453928114
complete__game,100,0.08622969441079506,0.01791359325605901
reward,100,0.08615782715466515,0.46083596768528273
unlock,100,0.08583982664729031,0.24575576630371151
facebook__page,100,-0.08548374541725426,0.05268703898840885
fee,100,-0.08420407021909629,0.12867345744058073
stage,100,-0.08331513205832687,0.068141903758342115
https__www.facebook.com,100,-0.08309040337306564,0.040744643484369514
desire,100,-0.0824879701350594,0.07821098232057136
shipping__charge,100,0.08237330093230708,0.04285212504390586
uk,100,0.08202456030940111,0.0821917808219178
involve,100,-0.08114561984431802,0.1251609881746868
reward__level,100,0.07885499703458959,0.08991921320688444
random,100,-0.07676761700094334,0.09987120946025056
product,100,-0.07670339832748832,0.3107364477227491
hear,100,0.07560985826189226,0.10432033719704953
wait,100,0.07512609349873192,0.1726964055731179
creative,100,0.07425177719852494,0.13441049057487414
ensure,100,0.07390104617351125,0.1232876712328767
game__store,100,0.07359364011974392,0.04695000585411544
quick,100,0.07195293716285661,0.20489404051047885
interact,100,-0.07162241095399069,0.0395738203957382
standard,100,-0.07129532026584565,0.19306872731530267
10,100,0.07075967777784135,0.42231588806931275
exclusive,100,-0.07043744260979794,0.19517620887483902
resin,100,0.07003619645153729,0.06837606837606838
solid,100,0.06954976114127429,0.07177145533309917
wood,100,0.06941004433865003,0.08043554618897085
shop,100,-0.06895294010479883,0.0752839245989931
lie,100,0.06833950736865205,0.06931272684697343
live,100,0.06763839868595857,0.20126448893572182
3d,100,-0.06712609399047208,0.08991921320688444
display,100,0.0668113712397457,0.0700152207001522
picture,100,-0.06665798132110416,0.1642664793349725
hit,100,0.06538048163144199,0.22233930453108536
website,100,-0.06524294158105186,0.21133356749795107
fund,100,-0.06521958031544783,0.3734925652733872
card,100,-0.06470389575168065,0.5892752605081372
cthulhu,100,0.06453219365716652,0.0350076103500761
party__game,100,-0.06332652949040847,0.04613042969207353
location,100,0.06321885689194329,0.15232408383093315
understand,100,-0.06265652615417483,0.08734340241189556
answer,100,-0.062453675691891045,0.09752956328298794
choose,100,0.06209550613859993,0.4155251141552511
system,100,-0.061627932318191754,0.26647933497248566
author,100,0.06157830234341746,0.07598641845217188
20,100,0.0615345088303861,0.31822971548998946
support,100,0.06153065471905411,0.4307458143074581
day,100,0.061482941027099516,0.2555906802482145
victory,100,0.0606425460341928,0.11661397962767826
view,100,0.06044833133501935,0.09530499941458846
tom__vasel,100,0.059135714460150486,0.01639152324083831
head,100,0.0589615072390028,0.14131834679779887
lead,100,-0.05798846579339584,0.18756585879873552
skill,100,-0.05790543403712862,0.17058892401358156
defend,100,-0.05693049405245159,0.06568317527221637
cost,100,-0.05679692613517818,0.43425828357335206
quality,100,-0.05679178785880992,0.3426999180423838
feel,100,-0.05643027071486008,0.28661749209694415
hold,100,0.05599180618561672,0.20430862896616322
crazy,100,0.05503518188201463,0.06345861140381688
ks,100,0.05479639377720415,0.07247394918627795
enter,100,0.05446599381901487,0.08605549701440113
double,100,0.054255447593937065,0.1339421613394216
information,100,0.052304200723243946,0.22491511532607422
goal__2,100,0.0520370552750663,0.03711509190961246
test,100,-0.05180243889455438,0.19119541037349255
world,100,0.05123452617134339,0.5053272450532724
close,100,-0.0502594185853055,0.18323381337079966
inspiration,100,0.04982337844198339,0.05245287437068259
exciting,100,-0.04977943598667878,0.15384615384615385
note,100,0.0492093803177026,0.30605315536822386
incredible,100,0.04905533759677055,0.06299028216836436
ready,100,-0.048735655321842944,0.2660110057370331
purchase,100,-0.0487098821708648,0.19260039807985013
person,100,-0.048237231122083585,0.11626273270108886
book,100,0.04807023261479276,0.2914178667603325
progress,100,-0.0479342208927578,0.1339421613394216
50,100,-0.046655762141268944,0.20758693361433087
ship,100,0.04650705374947868,0.3656480505795574
dark,100,0.04644898254626261,0.15583655309682706
60,100,0.04520633252250254,0.13066385669125394
win,100,-0.043819131791786876,0.3421145064980681
plan,100,-0.04377923847254736,0.273972602739726
spend,100,-0.04237047873555174,0.18393630722397847
fantastic,100,0.04215594163286186,0.10525699566795457
proud,100,0.04108979466557162,0.0730593607305936
main,100,-0.03972429304466913,0.14518206299028216
character__card,100,0.03938562841752089,0.033368458025992274
arrive,100,0.03937070166472164,0.06591733988994262
create,100,-0.03883890960806069,0.5669125395152792
black,100,0.03816750098675075,0.19763493736096477
twitter,100,0.03757377351660845,0.12492682355696054
concept,100,-0.037055171545519634,0.17012059477812902
check,100,0.03597082879475287,0.33567497951059594
future,100,-0.03485106170751366,0.21999765835382273
6,100,0.033171578118838724,0.35850602973890644
fight,100,-0.032410069773813055,0.18651211801896733
upgrade,100,0.03148609987738933,0.16332982086406744
limit,100,-0.031260524203654556,0.13757171291417866
artist,100,-0.029261314986352014,0.2507903055848261
attack,100,-0.02897836300844831,0.1582952815829528
provide,100,-0.028596660428016594,0.32584006556609296
produce,100,-0.028126884867158423,0.31858096241657885
cover,100,0.028012980065152113,0.28240252897787144
stuff,100,0.02767688203577656,0.11860437887835149
boardgamegeek,100,0.027275604289066138,0.0395738203957382
lose,100,-0.02725384347402632,0.16941810092495024
price,100,-0.0271973228950522,0.27139679194473715
printing,100,-0.027116011538351074,0.1239901650860555
retail,100,0.026999672927035513,0.1300784451469383
night,100,0.02698913058212767,0.15267533075752254
easy,100,0.026945204740121673,0.3631893220934317
pay,100,-0.024367119149343298,0.2521952932911837
past,100,0.02422105134135152,0.14658705069663974
art,100,0.02415568842804638,0.40416813019552744
dice__tower,100,0.023296158081814934,0.03711509190961246
horror,100,0.023073079191943287,0.0745814307458143
begin,100,-0.022898630566243465,0.2342817000351247
awesome,100,0.021094336456431217,0.20173281817117433
additional,100,0.019904884346455095,0.3835616438356164
mind,100,-0.018794078099928283,0.17749678023650625
aspect,100,-0.018629179059538273,0.08628966163212738
edition,100,0.018309307622894996,0.2654255941927175
release,100,0.017675103566502304,0.2602739726027397
base,100,-0.017630111488104793,0.48214494789837253
final,100,0.017517537017874823,0.307106896147992
card__player,100,-0.017222865581817622,0.016157358623112048
change,100,-0.014209934342661866,0.3171759747102213
role,100,0.013230910295646207,0.22187097529563282
time,100,0.013176614236189097,0.6638566912539515
stretch__goals,100,0.012152846838020401,0.14553330991687155
monster,100,0.01151366084571874,0.1532607423018382
low,100,-0.010533508742651968,0.17983842641376888
cool,100,0.010140878718694086,0.15618780002341645
type,100,-0.009590746222501315,0.21824142372087577
illustration,100,0.008734950115482091,0.12598056433672872
offer,100,0.00805250112719423,0.3698630136986301
expansion,100,0.007563444564496312,0.2252663622526636
box,100,-0.007046501747445217,0.3683409436834094
detail,100,0.005952226914660032,0.3016040276314249
5,100,0.002906491220737867,0.45463060531553684
d6__d8,99,0.33662662562881346,0.006907856222924716
level__3,99,-0.1749709995523711,0.009483667017913594
low__cost,99,-0.14646092746039693,0.012410724739491863
campaign__set,99,-0.14172787525883587,0.01767942863833275
super__fun,99,0.1328348072898032,0.0091324200913242
hinder,99,-0.09408240171314662,0.0182648401826484
3000,99,0.08879116062580537,0.02868516567146704
age__8,99,0.08450993075987194,0.01662568785856457
cube,99,0.0819938070189552,0.03126097646645592
kick__starter,99,-0.07270166299315729,0.008078679311556024
shuffle,99,-0.05672181404616863,0.0547945205479452
draft,99,0.051110564556402255,0.0612340475354174
youtube,99,-0.050487885423916704,0.039456738086875075
passion,99,-0.049079773313660896,0.06802482144947898
david,99,0.046503896757641223,0.05268703898840885
game__system,99,-0.045441535174273615,0.04542793583889474
tier,99,0.045134663819199554,0.12527807048354994
expensive,99,-0.036836155068801266,0.09729539866526168
crew,99,0.036578848800168554,0.052921203606135114
lot,99,-0.025123392071181503,0.3230300901533778
represent,99,-0.02101256504429577,0.1627444093197518
prove,99,0.02031086825510225,0.07024938531787847
option,99,0.019270799770112312,0.27350427350427353
artwork,99,-0.017916826909051574,0.2313546423135464
effect,99,-0.014975329184425203,0.12761971666081254
base__game,99,0.014922639340596618,0.08816297857393748
project,99,-0.011448758267241333,0.5638683994848378
micro__game,96,0.21383193879124254,0.007259103149514109
game__backer,96,-0.18935048821405606,0.006907856222924716
1__set,96,-0.17158114931532967,0.0076103500761035
cost__effective,96,-0.16109526642892913,0.009366584709050463
3_5__player,96,0.15613771311408667,0.008078679311556024
goal__unlock,96,0.13003761811775916,0.02084065097763728
simultaneously,96,-0.10266538229602647,0.03020723568668774
game__produce,96,-0.10180274416541657,0.0091324200913242
grade,96,0.10088576398148856,0.023533544081489288
2017,96,0.09779059375320698,0.03032431799555087
creativity,96,-0.08802905070904155,0.040744643484369514
sticker,96,0.08538821383491799,0.04191546657300082
rpg__system,96,-0.08499595562759024,0.010069078562229248
toy,96,-0.08191482276502887,0.040042149631190724
submit,96,-0.07951588878347274,0.03571010420325489
incredibly,96,0.07837573403472842,0.04472544198571596
board__games,96,0.07529847139401548,0.022011474066268587
ball,96,-0.06408571225587266,0.038520079615970024
logo,96,-0.06021319992148857,0.08757756702962183
alien,96,0.05693563612460407,0.0563165905631659
god,96,-0.05601651414665499,0.0749326776724037
design__game,96,0.0552251113080474,0.02095773328650041
bottom,96,0.039202350967387424,0.09846622175389298
dangerous,96,0.0356561142947503,0.0658002575810795
experience,96,0.025209172032362167,0.3209226085938415
luck,96,-0.020807044010713132,0.08851422550052687
2,96,-0.014046755730753492,0.5549701440112399
update,96,0.012046261990856122,0.282870858213324
reach,96,-0.008405315222858834,0.333918744877649
goal__unlocked,90,0.21991856173983396,0.011474066268586816
fun__family,90,-0.20766202755987553,0.003863716192483316
game__manual,90,-0.18184514059488918,0.0045662100456621
pledge__1,90,-0.1601426372949753,0.009600749326776724
game__review,90,-0.12347520129270084,0.0136986301369863
"30,000",90,-0.11963787535208781,0.03582718651211802
limit__edition,90,0.10644189884975898,0.01627444093197518
rahdo,90,0.10443496955495893,0.021894391757405457
funded,90,0.10053705783752268,0.02845100105374078
girl,90,0.08200230716791,0.03325137571712914
implement,90,-0.07935921553501156,0.021543144830816062
empty,90,0.07874028758446845,0.03020723568668774
colored,90,-0.07773333779424925,0.024587284861257466
entry,90,-0.07647657551614014,0.03571010420325489
3d__model,90,-0.07469065218378051,0.011239901650860555
player__move,90,-0.06684374550394558,0.011356983959723685
emerge,90,0.06009155577533196,0.027631424891698866
timeline,90,-0.05768201333770044,0.02868516567146704
endless,90,-0.04955283933508291,0.04542793583889474
founder,90,0.04485542219585299,0.04168130195527456
mass,90,-0.032561516447598436,0.05280412129727198
combination,90,0.02896121315602705,0.11907270811380401
highly,90,0.027863558722072638,0.1050228310502283
week,90,0.02388291755426055,0.10174452640206065
beast,90,0.01997449911116147,0.05350661515045077
team,90,-0.019456147395585967,0.2690551457674745
share,90,0.017397838829035263,0.24072122702259688
pass,90,-0.01584183731912508,0.121765601217656
life,90,-0.015459703273722715,0.29844280529212036
break,90,-0.00906829528779091,0.14049877063575694
3,90,-0.005194215485888718,0.48811614565039224
ne,90,-0.0022257278351268135,0.3981969324435078
2_4__players,86,-0.2849451504827273,0.00444912773679897
regular__deck,86,0.20956471120151177,0.003278304648167662
play__pdf,86,0.1987212185842802,0.00901533778246107
1__10,86,-0.15776428418225766,0.006439526987472193
design__studio,86,0.1312903852987652,0.004917456972251493
10__20,86,-0.07548619049029621,0.009366584709050463
locate,86,-0.07083668584011349,0.04203254888186395
switch,86,-0.06976806606730948,0.029504741833508957
player__control,86,0.06863432290313246,0.01779651094719588
playtesting,86,0.062018615965775334,0.03020723568668774
holiday,86,0.06150914075533119,0.03126097646645592
drawing,86,-0.05568823647029111,0.04332045427935839
diverse,86,-0.05456822150356921,0.03020723568668774
box__art,86,-0.054393285839391355,0.015689029387659526
game__salute,86,0.052819893721200065,0.01510361784334387
ride,86,0.05255244392720183,0.03243179955508722
150,86,0.04317837585877876,0.06603442219880576
describe,86,0.041334248520243304,0.07668891230535066
date,86,-0.028307754796172705,0.12223393045310854
25,86,-0.027732720508977023,0.22269055145767475
strategy__board,86,-0.027129695424851597,0.01053740779768177
role__playing,86,-0.024484988068952326,0.08921671935370566
capture,86,0.02365800090229662,0.07411310151036178
movement,86,-0.022169843021325002,0.0737618545837724
token,86,-0.02183873075626095,0.1612223393045311
form,86,-0.01871165499306332,0.19810326659641728
round,86,0.016481296608141106,0.19798618428755416
addition,86,0.016340279670838086,0.22280763376653787
award,86,0.014112082800932792,0.10104203254888186
building,86,0.013748898747054903,0.1297271982203489
total,86,-0.011833839306709372,0.2339304531085353
blue,86,0.006082575697719977,0.11684814424540452
9,86,0.006050269482633843,0.1654373024236038
additional__fund,81,0.12860243572956426,0.009249502400187331
5__8,81,-0.12121585611184281,0.0053857862077040155
custom__artwork,81,-0.1117823684919802,0.0053857862077040155
terrain__piece,81,-0.10745050231107144,0.008781173164734809
quad__fold,81,-0.1063949035886525,0.003863716192483316
gaming__system,81,-0.08196781129249332,0.009366584709050463
time__player,81,-0.08091079576992495,0.006439526987472193
universal,81,-0.07639395576190164,0.01685985247629083
future__expansion,81,-0.07038492308637158,0.012879053974944385
gmail.com,81,-0.057861515998426295,0.02236272099285798
tablet,81,-0.053564515424143026,0.017445264020606487
penalty,81,-0.04924088743116337,0.01814775787378527
entertaining,81,-0.04602877590063335,0.02119189790422667
3d__printer,81,-0.04117852572021256,0.012410724739491863
purple,81,0.0410737009357485,0.0414471373375483
numerous,81,-0.03996126555324817,0.0505795574288725
forge,81,0.038760760112577376,0.036998009600749324
rough,81,-0.03432586952419482,0.040042149631190724
ton,81,0.029052227406581338,0.06217070600632244
straight,81,-0.027943305281816298,0.05502868516567147
push,81,0.027465905675694288,0.07727432384966632
sweet,81,0.026364329144738474,0.03828591499824376
replace,81,0.024548834048160193,0.0810209577332865
draw__card,81,-0.019920087133323622,0.01662568785856457
goal,81,0.016326518687497203,0.6622175389298677
mini,81,0.014747865330372124,0.09577332865004098
collector,81,0.014489510466805463,0.06533192834562697
tabletop__game,81,-0.01272941195490252,0.07142020840650978
fire,81,0.012596117561111985,0.11134527572883737
fast__pace,81,-0.010553089727161319,0.07540100690785623
package,81,0.009286448815307694,0.15267533075752254
miniatures,81,0.007868816802346074,0.06533192834562697
character,81,0.0071656989402012206,0.33719704952581664
funding__amount,76,-0.21780785067440553,0.0029270577215782696
unique__world,76,-0.12314931414453414,0.0029270577215782696
advanced__technology,76,0.12222927928548055,0.003746633883620185
uncut__sheet,76,0.09417055885238294,0.007727432384966632
bounty__hunter,76,0.0834643795880243,0.005502868516567147
board__1,76,-0.08333914514776944,0.0076103500761035
score__win,76,-0.07787280050445743,0.005502868516567147
injection__mold,76,-0.07401754156526776,0.005268703898840885
30__card,76,-0.0738991494224957,0.0071420208406509774
tense,76,0.07175688099637806,0.013230300901533779
game__genre,76,-0.06827026383911482,0.0045662100456621
set__1,76,-0.06798587829358728,0.0106544901065449
rule__sheet,76,0.06424347061679903,0.012293642430628733
tired,76,-0.06347486619003781,0.015923194005385787
kickstarter__version,76,0.05833402608383268,0.009834913944502985
plastic__base,76,0.05629561206513181,0.010069078562229248
game__manufacturing,76,-0.05041358453746346,0.004332045427935839
bone,76,0.038268607330280036,0.030675564922140266
production__run,76,0.03774408453625316,0.02084065097763728
surprise,76,-0.03096083339282713,0.06041447137337548
player__create,76,0.03047885277428983,0.011591148577449948
lost,76,0.030288860400520614,0.036646762674159936
5__6,76,0.02834635312672673,0.01042032548881864
crowd,76,-0.027816380706187686,0.03430511649689732
backer__reward,76,0.0275749127293446,0.02376770869921555
exploration,76,0.02618032674373995,0.03301721109940288
guarantee,76,-0.025245944013031728,0.08031846388010772
breakdown,76,-0.024591521989561854,0.030909729539866527
gen__con,76,0.024235099610509254,0.02271396791944737
hot,76,0.02413924747540865,0.03161222339304531
balanced,76,-0.020203164243093055,0.02528977871443625
copyright,76,-0.01836259511048201,0.023533544081489288
300,76,-0.014965309599887608,0.0639269406392694
section,76,-0.014706970649792523,0.16918393630722398
purpose,76,0.014151920728377806,0.07785973539398197
month,76,0.01287080463438023,0.12469265893923429
figure,76,-0.011623201863936783,0.1529094953752488
shirt,76,-0.011363607644778746,0.08535300316122234
run,76,-0.011331093124595243,0.37641962299496545
studio,76,0.0087297836888337,0.0536236974593139
buy,76,-0.008568859577816085,0.18580962416578856
4,76,-0.006705706798450968,0.4398782343987823
page,76,0.005374127264065976,0.30300901533778246
control,76,-0.005341712583356096,0.18381922491511532
deliver,76,0.0030446962727994405,0.1696522655426765
amount,76,-0.0027556835606494363,0.3138976700620536
friendly,76,0.0026277264315117755,0.11556023884791009
18__card,72,-0.07203391369889751,0.005737033134293408
mailing__list,72,-0.0717629849136815,0.0053857862077040155
chess__set,72,-0.06498222442207,0.004097880810209577
board__include,72,-0.0634181300302117,0.003161222339304531
skill__set,72,0.052011699333241256,0.004332045427935839
player__aid,72,0.050136944428096034,0.008195761620419155
tabletop__gamer,72,-0.043618581195959814,0.008664090855871678
online__store,72,0.04346858302825669,0.011122819341997424
"4,000",72,0.0407863354247067,0.018499004800374662
main__goal,72,-0.038105926770502355,0.0121765601217656
warehouse,72,0.035808857174576096,0.02692893103852008
backer__pledge,72,-0.033696048620168166,0.013230300901533779
standard__edition,72,0.031141798162303228,0.009366584709050463
pdf__version,72,-0.0267463300508662,0.0243531202435312
celebrate,72,0.02503968429477979,0.02447020255239433
boss,72,0.02297630430819909,0.040978808102095775
andrew,72,0.021853324401966266,0.026577684111930688
responsible,72,-0.021592093652757872,0.05303828591499824
struggle,72,0.020101897939114318,0.05385786207704016
engrave,72,0.019093069256932337,0.02845100105374078
portion,72,-0.018003886643847812,0.033368458025992274
artistic,72,-0.01727579911168184,0.027514342582835735
2000,72,0.01666069638326533,0.03723217421847559
rely,72,-0.013205778135703873,0.031143894157592788
scene,72,0.012973365815554489,0.05889240135815478
humanity,72,0.012616468204450584,0.051399133590914414
kid,72,0.012306388027640518,0.10174452640206065
2nd,72,0.009597667939906898,0.05912656597588104
suit,72,-0.009403173232424587,0.0642781875658588
real,72,0.009329681441062311,0.1852242126214729
discard,72,-0.008271051504902269,0.06357569371268001
map,72,-0.007133196707016416,0.1567732115677321
feel__free,72,-0.007126464987750068,0.056433672872029036
attempt,72,0.007085316750314314,0.1026811848729657
weapon,72,-0.006404328470774824,0.1334738321039691
choice,72,-0.005353254968279936,0.2281934199742419
fit,72,0.0052373250018475665,0.1779651094719588
laser,72,0.005151569248733087,0.0502283105022831
process,72,0.0049950904231302155,0.18311673106193654
table,72,0.004697047381364227,0.300784451469383
phase,72,-0.0024903761211214786,0.07551808921671935
green__ronin,70,-0.07504158376667466,0.00597119775201967
gifted,70,-0.06322374846065665,0.007376185458377239
product__development,70,0.04772682720885212,0.005268703898840885
machine__gun,70,-0.02989992318536927,0.006322444678609062
goal__reach,70,0.029118753915360843,0.009834913944502985
injection,70,-0.022781280239662312,0.011474066268586816
unique__design,70,0.02215142267206809,0.006439526987472193
game__4,70,-0.021934520008374057,0.005502868516567147
racing__game,70,-0.018001364962120982,0.003746633883620185
fairly,70,-0.017152548923123134,0.029504741833508957
tiles,70,-0.01640319154577044,0.033602622643718535
closer,70,0.013581938841458118,0.01791359325605901
investment,70,0.012829889669359142,0.027865589509425127
companion,70,0.01265995483452386,0.04039339655778012
manufacturing__cost,70,-0.012113887060510597,0.007844514693829763
beta__version,70,0.011699982796079561,0.011005737033134294
money__raise,70,0.009531554503661482,0.01194239550403934
tile__set,70,-0.0092789283197477,0.007727432384966632
graphic__design,70,-0.009202461849000617,0.06416110525699567
lack,70,-0.008727141241492684,0.03524177496780236
layer,70,0.008691121493356076,0.03629551574757054
feeling,70,-0.008644140106931035,0.029036412598056435
sense,70,-0.008515749328964864,0.06661983374312141
sized__card,70,-0.008445721700032256,0.01358154782812317
pool,70,0.007406840523513375,0.04542793583889474
license,70,0.006163779313989662,0.05420910900362955
enable,70,-0.006110714040946108,0.0517503805175038
"25,000",70,-0.005866287897872499,0.03453928111462358
5000,70,0.005337274489543694,0.03418803418803419
steel,70,0.005334622353788957,0.030675564922140266
paint,70,0.0038226228746830906,0.12609764664559184
replay,70,0.0037218334508031907,0.12141435429106662
2016,70,0.0035314608477043765,0.07739140615852945
accurate,70,0.003508118703560036,0.0258751902587519
avatar,70,0.0034979336956990383,0.04051047886664325
limited,70,0.0034568482481746265,0.1882683526519143
file,70,-0.0032484241609949784,0.09752956328298794
charge,70,0.0031457168881077755,0.17890176794286383
villager,70,0.002852384636022611,0.009366584709050463
trick,70,0.0025909530960734847,0.04214963119072708
visit,70,0.0020083181274178166,0.12504390586582367
ruin,70,0.001377333849155014,0.05198454513523006
achieve,70,9.677778310746176e-4,0.12621472895445499
size,70,7.523821706972152e-4,0.24423369628849081
video,70,-4.8354859989820163e-4,0.3635405690200211
1,29,-0.0026910903871065544,0.5315536822386138
opponent,24,-0.0025017425939135593,0.1955274558014284
level__1,14,-0.015987491891612752,0.018850251726964057
playing__card,1,-0.003006629475100224,0.06498068141903758
shipping,1,9.7117284498033e-4,0.43765367053038284
